case,var,period,value
1,M_GDP,1,1.08
1,M_CP,1,0.23
1,M_IFP,1,0.22
1,M_IHP,1,0.51
1,M_G,1,4.28
1,M_XGS,1,-0.01
1,M_MGS,1,0.45
1,M_FXS,1,0.01
1,M_GDP,2,-0.1
1,M_CP,2,-0.06
1,M_IFP,2,0.13
1,M_IHP,2,0.09
1,M_G,2,0.0
1,M_XGS,2,0.0
1,M_MGS,2,0.45
1,M_FXS,2,0.1
1,M_GDP,3,-0.2
1,M_CP,3,-0.09
1,M_IFP,3,-0.24
1,M_IHP,3,-0.09
1,M_G,3,0.0
1,M_XGS,3,-0.05
1,M_MGS,3,0.43
1,M_FXS,3,-0.27
1,M_GDP,4,-0.21
1,M_CP,4,-0.07
1,M_IFP,4,-0.35
1,M_IHP,4,-0.15
1,M_G,4,0.0
1,M_XGS,4,-0.06
1,M_MGS,4,0.36
1,M_FXS,4,-0.18
1,M_GDP,5,-0.14
1,M_CP,5,0.02
1,M_IFP,5,-0.32
1,M_IHP,5,-0.03
1,M_G,5,0.0
1,M_XGS,5,-0.04
1,M_MGS,5,0.31
1,M_FXS,5,-0.09
1,M_GDPP,1,0.0
1,M_GAP,1,1.07
1,M_PGDP,1,0.19
1,M_CPIG,1,0.15
1,M_RCO,1,0.08
1,M_RGB,1,0.08
1,M_UR,1,-0.07
1,M_LE,1,0.07
1,M_GDPP,2,0.01
1,M_GAP,2,-0.1
1,M_PGDP,2,0.26
1,M_CPIG,2,0.22
1,M_RCO,2,0.12
1,M_RGB,2,0.0
1,M_UR,2,0.01
1,M_LE,2,-0.01
1,M_GDPP,3,0.01
1,M_GAP,3,-0.21
1,M_PGDP,3,0.22
1,M_CPIG,3,0.17
1,M_RCO,3,0.13
1,M_RGB,3,0.25
1,M_UR,3,0.02
1,M_LE,3,-0.02
1,M_GDPP,4,0.0
1,M_GAP,4,-0.21
1,M_PGDP,4,0.17
1,M_CPIG,4,0.13
1,M_RCO,4,0.15
1,M_RGB,4,0.17
1,M_UR,4,0.02
1,M_LE,4,-0.02
1,M_GDPP,5,0.0
1,M_GAP,5,-0.14
1,M_PGDP,5,0.13
1,M_CPIG,5,0.1
1,M_RCO,5,0.07
1,M_RGB,5,0.08
1,M_UR,5,0.01
1,M_LE,5,-0.01
1,M_GDPV,1,1.27
1,M_NIV,1,1.63
1,M_YDV,1,0.71
1,M_W,1,0.53
1,M_BCVAGDPV,1,-0.14
1,TAXAGDP,1,0.06
1,M_BGVAGDPV,1,-0.7
1,M_PBGAGDPV,1,-0.74
1,Z_DEBTAGDP,1,-1.89
1,M_GDPV,2,0.16
1,M_NIV,2,0.08
1,M_YDV,2,0.34
1,M_W,2,0.44
1,M_BCVAGDPV,2,-0.1
1,TAXAGDP,2,0.05
1,M_BGVAGDPV,2,0.03
1,M_PBGAGDPV,2,0.04
1,Z_DEBTAGDP,2,0.12
1,M_GDPV,3,0.01
1,M_NIV,3,-0.14
1,M_YDV,3,0.22
1,M_W,3,0.22
1,M_BCVAGDPV,3,-0.12
1,TAXAGDP,3,-0.04
1,M_BGVAGDPV,3,-0.11
1,M_PBGAGDPV,3,-0.07
1,Z_DEBTAGDP,3,0.45
1,M_GDPV,4,-0.04
1,M_NIV,4,-0.23
1,M_YDV,4,0.13
1,M_W,4,0.0
1,M_BCVAGDPV,4,-0.14
1,TAXAGDP,4,-0.04
1,M_BGVAGDPV,4,-0.16
1,M_PBGAGDPV,4,-0.08
1,Z_DEBTAGDP,4,0.63
1,M_GDPV,5,-0.01
1,M_NIV,5,-0.17
1,M_YDV,5,0.16
1,M_W,5,-0.03
1,M_BCVAGDPV,5,-0.13
1,TAXAGDP,5,-0.04
1,M_BGVAGDPV,5,-0.16
1,M_PBGAGDPV,5,-0.05
1,Z_DEBTAGDP,5,0.67
2,M_GDP,1,1.08
2,M_CP,1,0.23
2,M_IFP,1,0.22
2,M_IHP,1,0.51
2,M_G,1,4.28
2,M_XGS,1,-0.01
2,M_MGS,1,0.45
2,M_FXS,1,0.01
2,M_GDP,2,0.96
2,M_CP,2,0.16
2,M_IFP,2,0.35
2,M_IHP,2,0.57
2,M_G,2,4.34
2,M_XGS,2,-0.01
2,M_MGS,2,0.94
2,M_FXS,2,0.11
2,M_GDP,3,0.75
2,M_CP,3,0.05
2,M_IFP,3,0.1
2,M_IHP,3,0.46
2,M_G,3,4.37
2,M_XGS,3,-0.06
2,M_MGS,3,1.42
2,M_FXS,3,-0.16
2,M_GDP,4,0.54
2,M_CP,4,-0.02
2,M_IFP,4,-0.26
2,M_IHP,4,0.3
2,M_G,4,4.4
2,M_XGS,4,-0.12
2,M_MGS,4,1.82
2,M_FXS,4,-0.34
2,M_GDP,5,0.41
2,M_CP,5,0.0
2,M_IFP,5,-0.58
2,M_IHP,5,0.27
2,M_G,5,4.42
2,M_XGS,5,-0.16
2,M_MGS,5,2.15
2,M_FXS,5,-0.43
2,M_GDPP,1,0.0
2,M_GAP,1,1.07
2,M_PGDP,1,0.19
2,M_CPIG,1,0.15
2,M_RCO,1,0.08
2,M_RGB,1,0.08
2,M_UR,1,-0.07
2,M_LE,1,0.07
2,M_GDPP,2,0.01
2,M_GAP,2,0.96
2,M_PGDP,2,0.45
2,M_CPIG,2,0.37
2,M_RCO,2,0.19
2,M_RGB,2,0.07
2,M_UR,2,-0.06
2,M_LE,2,0.06
2,M_GDPP,3,0.01
2,M_GAP,3,0.74
2,M_PGDP,3,0.66
2,M_CPIG,3,0.54
2,M_RCO,3,0.32
2,M_RGB,3,0.32
2,M_UR,3,-0.04
2,M_LE,3,0.04
2,M_GDPP,4,0.02
2,M_GAP,4,0.53
2,M_PGDP,4,0.82
2,M_CPIG,4,0.67
2,M_RCO,4,0.47
2,M_RGB,4,0.49
2,M_UR,4,-0.03
2,M_LE,4,0.03
2,M_GDPP,5,0.01
2,M_GAP,5,0.4
2,M_PGDP,5,0.94
2,M_CPIG,5,0.76
2,M_RCO,5,0.54
2,M_RGB,5,0.57
2,M_UR,5,-0.02
2,M_LE,5,0.02
2,M_GDPV,1,1.27
2,M_NIV,1,1.63
2,M_YDV,1,0.71
2,M_W,1,0.53
2,M_BCVAGDPV,1,-0.14
2,TAXAGDP,1,0.06
2,M_BGVAGDPV,1,-0.7
2,M_PBGAGDPV,1,-0.74
2,Z_DEBTAGDP,1,-1.89
2,M_GDPV,2,1.42
2,M_NIV,2,1.69
2,M_YDV,2,1.04
2,M_W,2,0.96
2,M_BCVAGDPV,2,-0.27
2,TAXAGDP,2,0.11
2,M_BGVAGDPV,2,-0.67
2,M_PBGAGDPV,2,-0.71
2,Z_DEBTAGDP,2,-1.7
2,M_GDPV,3,1.42
2,M_NIV,3,1.53
2,M_YDV,3,1.24
2,M_W,3,1.18
2,M_BCVAGDPV,3,-0.4
2,TAXAGDP,3,0.07
2,M_BGVAGDPV,3,-0.77
2,M_PBGAGDPV,3,-0.78
2,Z_DEBTAGDP,3,-1.17
2,M_GDPV,4,1.37
2,M_NIV,4,1.29
2,M_YDV,4,1.36
2,M_W,4,1.16
2,M_BCVAGDPV,4,-0.54
2,TAXAGDP,4,0.03
2,M_BGVAGDPV,4,-0.92
2,M_PBGAGDPV,4,-0.86
2,Z_DEBTAGDP,4,-0.48
2,M_GDPV,5,1.36
2,M_NIV,5,1.11
2,M_YDV,5,1.51
2,M_W,5,1.13
2,M_BCVAGDPV,5,-0.68
2,TAXAGDP,5,0.0
2,M_BGVAGDPV,5,-1.07
2,M_PBGAGDPV,5,-0.91
2,Z_DEBTAGDP,5,0.26
3,M_GDP,1,-0.24
3,M_CP,1,-0.12
3,M_IFP,1,-0.9
3,M_IHP,1,-0.11
3,M_G,1,0.0
3,M_XGS,1,0.0
3,M_MGS,1,-0.1
3,M_FXS,1,0.0
3,M_GDP,2,-0.38
3,M_CP,2,-0.2
3,M_IFP,2,-1.57
3,M_IHP,2,-0.19
3,M_G,2,0.0
3,M_XGS,2,0.01
3,M_MGS,2,-0.27
3,M_FXS,2,0.0
3,M_GDP,3,-0.45
3,M_CP,3,-0.25
3,M_IFP,3,-2.05
3,M_IHP,3,-0.25
3,M_G,3,0.0
3,M_XGS,3,0.02
3,M_MGS,3,-0.49
3,M_FXS,3,0.03
3,M_GDP,4,-0.47
3,M_CP,4,-0.28
3,M_IFP,4,-2.31
3,M_IHP,4,-0.28
3,M_G,4,0.0
3,M_XGS,4,0.04
3,M_MGS,4,-0.71
3,M_FXS,4,0.1
3,M_GDP,5,-0.47
3,M_CP,5,-0.29
3,M_IFP,5,-2.47
3,M_IHP,5,-0.3
3,M_G,5,0.0
3,M_XGS,5,0.06
3,M_MGS,5,-0.9
3,M_FXS,5,0.16
3,M_GDPP,1,-0.01
3,M_GAP,1,-0.23
3,M_PGDP,1,-0.04
3,M_CPIG,1,-0.03
3,M_RCO,1,-0.02
3,M_RGB,1,-0.02
3,M_UR,1,0.01
3,M_LE,1,-0.02
3,M_GDPP,2,-0.03
3,M_GAP,2,-0.35
3,M_PGDP,2,-0.12
3,M_CPIG,2,-0.1
3,M_RCO,2,-0.05
3,M_RGB,2,-0.05
3,M_UR,2,0.02
3,M_LE,2,-0.02
3,M_GDPP,3,-0.07
3,M_GAP,3,-0.38
3,M_PGDP,3,-0.22
3,M_CPIG,3,-0.18
3,M_RCO,3,-0.11
3,M_RGB,3,-0.1
3,M_UR,3,0.02
3,M_LE,3,-0.02
3,M_GDPP,4,-0.12
3,M_GAP,4,-0.35
3,M_PGDP,4,-0.31
3,M_CPIG,4,-0.25
3,M_RCO,4,-0.17
3,M_RGB,4,-0.17
3,M_UR,4,0.02
3,M_LE,4,-0.02
3,M_GDPP,5,-0.2
3,M_GAP,5,-0.28
3,M_PGDP,5,-0.39
3,M_CPIG,5,-0.32
3,M_RCO,5,-0.23
3,M_RGB,5,-0.24
3,M_UR,5,0.01
3,M_LE,5,-0.01
3,M_GDPV,1,-0.28
3,M_NIV,1,-0.37
3,M_YDV,1,-0.15
3,M_W,1,-0.12
3,M_BCVAGDPV,1,0.03
3,TAXAGDP,1,1.04
3,M_BGVAGDPV,1,0.99
3,M_PBGAGDPV,1,0.99
3,Z_DEBTAGDP,1,-0.03
3,M_GDPV,2,-0.5
3,M_NIV,2,-0.6
3,M_YDV,2,-0.33
3,M_W,2,-0.31
3,M_BCVAGDPV,2,0.09
3,TAXAGDP,2,1.06
3,M_BGVAGDPV,2,0.98
3,M_PBGAGDPV,2,0.99
3,Z_DEBTAGDP,2,0.05
3,M_GDPV,3,-0.67
3,M_NIV,3,-0.73
3,M_YDV,3,-0.51
3,M_W,3,-0.49
3,M_BCVAGDPV,3,0.15
3,TAXAGDP,3,1.07
3,M_BGVAGDPV,3,0.99
3,M_PBGAGDPV,3,0.99
3,Z_DEBTAGDP,3,-0.08
3,M_GDPV,4,-0.78
3,M_NIV,4,-0.75
3,M_YDV,4,-0.67
3,M_W,4,-0.63
3,M_BCVAGDPV,4,0.23
3,TAXAGDP,4,1.07
3,M_BGVAGDPV,4,1.02
3,M_PBGAGDPV,4,1.0
3,Z_DEBTAGDP,4,-0.3
3,M_GDPV,5,-0.86
3,M_NIV,5,-0.73
3,M_YDV,5,-0.82
3,M_W,5,-0.74
3,M_BCVAGDPV,5,0.3
3,TAXAGDP,5,1.07
3,M_BGVAGDPV,5,1.05
3,M_PBGAGDPV,5,1.0
3,Z_DEBTAGDP,5,-0.62
4,M_GDP,1,-0.64
4,M_CP,1,-1.13
4,M_IFP,1,-0.11
4,M_IHP,1,-2.3
4,M_G,1,0.0
4,M_XGS,1,0.0
4,M_MGS,1,-0.27
4,M_FXS,1,0.0
4,M_GDP,2,-0.56
4,M_CP,2,-1.1
4,M_IFP,2,-0.14
4,M_IHP,2,-2.38
4,M_G,2,0.0
4,M_XGS,2,0.01
4,M_MGS,2,-0.55
4,M_FXS,2,-0.04
4,M_GDP,3,-0.43
4,M_CP,3,-1.05
4,M_IFP,3,0.04
4,M_IHP,3,-2.35
4,M_G,3,0.0
4,M_XGS,3,0.04
4,M_MGS,3,-0.83
4,M_FXS,3,0.12
4,M_GDP,4,-0.32
4,M_CP,4,-1.04
4,M_IFP,4,0.28
4,M_IHP,4,-2.29
4,M_G,4,0.0
4,M_XGS,4,0.08
4,M_MGS,4,-1.06
4,M_FXS,4,0.22
4,M_GDP,5,-0.29
4,M_CP,5,-1.17
4,M_IFP,5,0.48
4,M_IHP,5,-2.33
4,M_G,5,0.0
4,M_XGS,5,0.1
4,M_MGS,5,-1.29
4,M_FXS,5,0.27
4,M_GDPP,1,0.0
4,M_GAP,1,-0.64
4,M_PGDP,1,-0.1
4,M_CPIG,1,-0.09
4,M_RCO,1,-0.05
4,M_RGB,1,-0.05
4,M_UR,1,0.04
4,M_LE,1,-0.04
4,M_GDPP,2,0.0
4,M_GAP,2,-0.56
4,M_PGDP,2,-0.26
4,M_CPIG,2,-0.22
4,M_RCO,2,-0.11
4,M_RGB,2,-0.07
4,M_UR,2,0.03
4,M_LE,2,-0.04
4,M_GDPP,3,-0.01
4,M_GAP,3,-0.42
4,M_PGDP,3,-0.38
4,M_CPIG,3,-0.31
4,M_RCO,3,-0.19
4,M_RGB,3,-0.21
4,M_UR,3,0.02
4,M_LE,3,-0.03
4,M_GDPP,4,0.0
4,M_GAP,4,-0.31
4,M_PGDP,4,-0.47
4,M_CPIG,4,-0.39
4,M_RCO,4,-0.28
4,M_RGB,4,-0.31
4,M_UR,4,0.02
4,M_LE,4,-0.02
4,M_GDPP,5,0.0
4,M_GAP,5,-0.29
4,M_PGDP,5,-0.55
4,M_CPIG,5,-0.45
4,M_RCO,5,-0.32
4,M_RGB,5,-0.36
4,M_UR,5,0.01
4,M_LE,5,-0.01
4,M_GDPV,1,-0.74
4,M_NIV,1,-0.92
4,M_YDV,1,-2.41
4,M_W,1,-0.31
4,M_BCVAGDPV,1,0.09
4,TAXAGDP,1,0.97
4,M_BGVAGDPV,1,0.83
4,M_PBGAGDPV,1,0.85
4,Z_DEBTAGDP,1,0.75
4,M_GDPV,2,-0.82
4,M_NIV,2,-0.94
4,M_YDV,2,-2.66
4,M_W,2,-0.56
4,M_BCVAGDPV,2,0.16
4,TAXAGDP,2,0.95
4,M_BGVAGDPV,2,0.84
4,M_PBGAGDPV,2,0.86
4,Z_DEBTAGDP,2,0.24
4,M_GDPV,3,-0.81
4,M_NIV,3,-0.83
4,M_YDV,3,-2.81
4,M_W,3,-0.68
4,M_BCVAGDPV,3,0.24
4,TAXAGDP,3,0.98
4,M_BGVAGDPV,3,0.92
4,M_PBGAGDPV,3,0.92
4,Z_DEBTAGDP,3,-0.47
4,M_GDPV,4,-0.79
4,M_NIV,4,-0.7
4,M_YDV,4,-2.91
4,M_W,4,-0.67
4,M_BCVAGDPV,4,0.33
4,TAXAGDP,4,1.01
4,M_BGVAGDPV,4,1.03
4,M_PBGAGDPV,4,0.97
4,Z_DEBTAGDP,4,-1.26
4,M_GDPV,5,-0.84
4,M_NIV,5,-0.67
4,M_YDV,5,-3.07
4,M_W,5,-0.67
4,M_BCVAGDPV,5,0.43
4,TAXAGDP,5,1.03
4,M_BGVAGDPV,5,1.12
4,M_PBGAGDPV,5,1.0
4,Z_DEBTAGDP,5,-1.97
5,M_GDP,1,-0.27
5,M_CP,1,-0.43
5,M_IFP,1,-0.15
5,M_IHP,1,-0.88
5,M_G,1,0.0
5,M_XGS,1,0.0
5,M_MGS,1,-0.11
5,M_FXS,1,0.0
5,M_GDP,2,-0.21
5,M_CP,2,-0.36
5,M_IFP,2,-0.18
5,M_IHP,2,-0.78
5,M_G,2,0.0
5,M_XGS,2,0.01
5,M_MGS,2,-0.22
5,M_FXS,2,0.04
5,M_GDP,3,-0.17
5,M_CP,3,-0.33
5,M_IFP,3,-0.18
5,M_IHP,3,-0.75
5,M_G,3,0.0
5,M_XGS,3,0.02
5,M_MGS,3,-0.33
5,M_FXS,3,0.04
5,M_GDP,4,-0.14
5,M_CP,4,-0.32
5,M_IFP,4,-0.14
5,M_IHP,4,-0.75
5,M_G,4,0.0
5,M_XGS,4,0.03
5,M_MGS,4,-0.42
5,M_FXS,4,0.09
5,M_GDP,5,-0.14
5,M_CP,5,-0.37
5,M_IFP,5,-0.11
5,M_IHP,5,-0.77
5,M_G,5,0.0
5,M_XGS,5,0.04
5,M_MGS,5,-0.51
5,M_FXS,5,0.1
5,M_GDPP,1,0.0
5,M_GAP,1,-0.26
5,M_PGDP,1,0.44
5,M_CPIG,1,0.74
5,M_RCO,1,-0.02
5,M_RGB,1,-0.02
5,M_UR,1,0.02
5,M_LE,1,-0.02
5,M_GDPP,2,0.0
5,M_GAP,2,-0.2
5,M_PGDP,2,0.38
5,M_CPIG,2,0.69
5,M_RCO,2,-0.05
5,M_RGB,2,-0.08
5,M_UR,2,0.01
5,M_LE,2,-0.01
5,M_GDPP,3,-0.01
5,M_GAP,3,-0.16
5,M_PGDP,3,0.33
5,M_CPIG,3,0.65
5,M_RCO,3,-0.07
5,M_RGB,3,-0.09
5,M_UR,3,0.01
5,M_LE,3,-0.01
5,M_GDPP,4,-0.01
5,M_GAP,4,-0.13
5,M_PGDP,4,0.29
5,M_CPIG,4,0.63
5,M_RCO,4,-0.11
5,M_RGB,4,-0.12
5,M_UR,4,0.01
5,M_LE,4,-0.01
5,M_GDPP,5,-0.02
5,M_GAP,5,-0.12
5,M_PGDP,5,0.26
5,M_CPIG,5,0.6
5,M_RCO,5,-0.13
5,M_RGB,5,-0.14
5,M_UR,5,0.01
5,M_LE,5,-0.01
5,M_GDPV,1,0.18
5,M_NIV,1,-0.39
5,M_YDV,1,-0.16
5,M_W,1,-0.13
5,M_BCVAGDPV,1,0.02
5,TAXAGDP,1,0.36
5,M_BGVAGDPV,1,0.35
5,M_PBGAGDPV,1,0.36
5,Z_DEBTAGDP,1,-0.55
5,M_GDPV,2,0.17
5,M_NIV,2,-0.34
5,M_YDV,2,-0.15
5,M_W,2,-0.22
5,M_BCVAGDPV,2,0.05
5,TAXAGDP,2,0.35
5,M_BGVAGDPV,2,0.3
5,M_PBGAGDPV,2,0.36
5,Z_DEBTAGDP,2,-0.79
5,M_GDPV,3,0.16
5,M_NIV,3,-0.3
5,M_YDV,3,-0.18
5,M_W,3,-0.27
5,M_BCVAGDPV,3,0.07
5,TAXAGDP,3,0.35
5,M_BGVAGDPV,3,0.32
5,M_PBGAGDPV,3,0.37
5,Z_DEBTAGDP,3,-1.03
5,M_GDPV,4,0.15
5,M_NIV,4,-0.27
5,M_YDV,4,-0.23
5,M_W,4,-0.27
5,M_BCVAGDPV,4,0.1
5,TAXAGDP,4,0.36
5,M_BGVAGDPV,4,0.36
5,M_PBGAGDPV,4,0.38
5,Z_DEBTAGDP,4,-1.28
5,M_GDPV,5,0.12
5,M_NIV,5,-0.26
5,M_YDV,5,-0.3
5,M_W,5,-0.29
5,M_BCVAGDPV,5,0.14
5,TAXAGDP,5,0.36
5,M_BGVAGDPV,5,0.39
5,M_PBGAGDPV,5,0.39
5,Z_DEBTAGDP,5,-1.52
6,M_GDP,1,0.54
6,M_CP,1,0.33
6,M_IFP,1,1.37
6,M_IHP,1,0.6
6,M_G,1,0.0
6,M_XGS,1,0.0
6,M_MGS,1,-0.2
6,M_FXS,1,-0.03
6,M_GDP,2,1.33
6,M_CP,2,0.72
6,M_IFP,2,3.7
6,M_IHP,2,1.26
6,M_G,2,0.0
6,M_XGS,2,0.01
6,M_MGS,2,-0.57
6,M_FXS,2,-0.01
6,M_GDP,3,2.26
6,M_CP,3,1.19
6,M_IFP,3,6.57
6,M_IHP,3,1.96
6,M_G,3,0.0
6,M_XGS,3,0.03
6,M_MGS,3,-1.09
6,M_FXS,3,-0.02
6,M_GDP,4,3.35
6,M_CP,4,1.74
6,M_IFP,4,9.77
6,M_IHP,4,2.74
6,M_G,4,0.0
6,M_XGS,4,0.05
6,M_MGS,4,-1.71
6,M_FXS,4,-0.03
6,M_GDP,5,4.6
6,M_CP,5,2.4
6,M_IFP,5,13.42
6,M_IHP,5,3.61
6,M_G,5,0.0
6,M_XGS,5,0.07
6,M_MGS,5,-2.41
6,M_FXS,5,-0.03
6,M_GDPP,1,1.02
6,M_GAP,1,-0.48
6,M_PGDP,1,-0.09
6,M_CPIG,1,-0.07
6,M_RCO,1,-0.01
6,M_RGB,1,-0.01
6,M_UR,1,0.03
6,M_LE,1,-0.03
6,M_GDPP,2,2.08
6,M_GAP,2,-0.74
6,M_PGDP,2,-0.26
6,M_CPIG,2,-0.21
6,M_RCO,2,-0.04
6,M_RGB,2,-0.09
6,M_UR,2,0.05
6,M_LE,2,-0.05
6,M_GDPP,3,3.21
6,M_GAP,3,-0.92
6,M_PGDP,3,-0.48
6,M_CPIG,3,-0.39
6,M_RCO,3,-0.06
6,M_RGB,3,-0.13
6,M_UR,3,0.06
6,M_LE,3,-0.06
6,M_GDPP,4,4.43
6,M_GAP,4,-1.04
6,M_PGDP,4,-0.73
6,M_CPIG,4,-0.61
6,M_RCO,4,-0.08
6,M_RGB,4,-0.17
6,M_UR,4,0.06
6,M_LE,4,-0.06
6,M_GDPP,5,5.77
6,M_GAP,5,-1.11
6,M_PGDP,5,-0.99
6,M_CPIG,5,-0.84
6,M_RCO,5,-0.08
6,M_RGB,5,-0.2
6,M_UR,5,0.06
6,M_LE,5,-0.07
6,M_GDPV,1,0.45
6,M_NIV,1,0.63
6,M_YDV,1,0.51
6,M_W,1,0.78
6,M_BCVAGDPV,1,0.03
6,TAXAGDP,1,0.0
6,M_BGVAGDPV,1,0.17
6,M_PBGAGDPV,1,0.1
6,Z_DEBTAGDP,1,-0.86
6,M_GDPV,2,1.07
6,M_NIV,2,1.47
6,M_YDV,2,0.97
6,M_W,2,1.5
6,M_BCVAGDPV,2,0.06
6,TAXAGDP,2,0.03
6,M_BGVAGDPV,2,0.43
6,M_PBGAGDPV,2,0.28
6,Z_DEBTAGDP,2,-2.07
6,M_GDPV,3,1.77
6,M_NIV,3,2.39
6,M_YDV,3,1.42
6,M_W,3,2.24
6,M_BCVAGDPV,3,0.1
6,TAXAGDP,3,0.08
6,M_BGVAGDPV,3,0.75
6,M_PBGAGDPV,3,0.5
6,Z_DEBTAGDP,3,-3.47
6,M_GDPV,4,2.6
6,M_NIV,4,3.41
6,M_YDV,4,1.95
6,M_W,4,3.11
6,M_BCVAGDPV,4,0.15
6,TAXAGDP,4,0.12
6,M_BGVAGDPV,4,1.1
6,M_PBGAGDPV,4,0.73
6,Z_DEBTAGDP,4,-5.11
6,M_GDPV,5,3.56
6,M_NIV,5,4.55
6,M_YDV,5,2.55
6,M_W,5,4.11
6,M_BCVAGDPV,5,0.19
6,TAXAGDP,5,0.15
6,M_BGVAGDPV,5,1.49
6,M_PBGAGDPV,5,0.98
6,Z_DEBTAGDP,5,-7.03
7,M_GDP,1,-0.23
7,M_CP,1,-0.41
7,M_IFP,1,-0.28
7,M_IHP,1,-0.65
7,M_G,1,0.0
7,M_XGS,1,0.12
7,M_MGS,1,-0.17
7,M_FXS,1,2.18
7,M_GDP,2,-0.21
7,M_CP,2,-0.32
7,M_IFP,2,-0.41
7,M_IHP,2,-0.48
7,M_G,2,0.0
7,M_XGS,2,-0.14
7,M_MGS,2,-0.12
7,M_FXS,2,-0.04
7,M_GDP,3,-0.2
7,M_CP,3,-0.3
7,M_IFP,3,-0.43
7,M_IHP,3,-0.48
7,M_G,3,0.0
7,M_XGS,3,-0.3
7,M_MGS,3,-0.08
7,M_FXS,3,-0.01
7,M_GDP,4,-0.17
7,M_CP,4,-0.29
7,M_IFP,4,-0.4
7,M_IHP,4,-0.48
7,M_G,4,0.0
7,M_XGS,4,-0.29
7,M_MGS,4,-0.06
7,M_FXS,4,0.02
7,M_GDP,5,-0.16
7,M_CP,5,-0.31
7,M_IFP,5,-0.34
7,M_IHP,5,-0.47
7,M_G,5,0.0
7,M_XGS,5,-0.27
7,M_MGS,5,-0.06
7,M_FXS,5,0.07
7,M_GDPP,1,0.0
7,M_GAP,1,-0.23
7,M_PGDP,1,-0.09
7,M_CPIG,1,0.17
7,M_RCO,1,0.0
7,M_RGB,1,0.0
7,M_UR,1,0.01
7,M_LE,1,-0.01
7,M_GDPP,2,-0.01
7,M_GAP,2,-0.2
7,M_PGDP,2,-0.21
7,M_CPIG,2,0.09
7,M_RCO,2,-0.02
7,M_RGB,2,0.02
7,M_UR,2,0.01
7,M_LE,2,-0.01
7,M_GDPP,3,-0.02
7,M_GAP,3,-0.18
7,M_PGDP,3,-0.29
7,M_CPIG,3,0.05
7,M_RCO,3,-0.05
7,M_RGB,3,-0.03
7,M_UR,3,0.01
7,M_LE,3,-0.01
7,M_GDPP,4,-0.03
7,M_GAP,4,-0.14
7,M_PGDP,4,-0.34
7,M_CPIG,4,0.01
7,M_RCO,4,-0.07
7,M_RGB,4,-0.06
7,M_UR,4,0.01
7,M_LE,4,-0.01
7,M_GDPP,5,-0.04
7,M_GAP,5,-0.12
7,M_PGDP,5,-0.38
7,M_CPIG,5,-0.01
7,M_RCO,5,-0.11
7,M_RGB,5,-0.1
7,M_UR,5,0.01
7,M_LE,5,-0.01
7,M_GDPV,1,-0.32
7,M_NIV,1,-0.65
7,M_YDV,1,-0.08
7,M_W,1,0.02
7,M_BCVAGDPV,1,-0.59
7,TAXAGDP,1,-0.05
7,M_BGVAGDPV,1,-0.27
7,M_PBGAGDPV,1,-0.25
7,Z_DEBTAGDP,1,0.71
7,M_GDPV,2,-0.42
7,M_NIV,2,-0.64
7,M_YDV,2,-0.09
7,M_W,2,-0.03
7,M_BCVAGDPV,2,-0.46
7,TAXAGDP,2,-0.08
7,M_BGVAGDPV,2,-0.26
7,M_PBGAGDPV,2,-0.25
7,Z_DEBTAGDP,2,0.98
7,M_GDPV,3,-0.49
7,M_NIV,3,-0.86
7,M_YDV,3,-0.19
7,M_W,3,-0.11
7,M_BCVAGDPV,3,-0.57
7,TAXAGDP,3,-0.1
7,M_BGVAGDPV,3,-0.29
7,M_PBGAGDPV,3,-0.26
7,Z_DEBTAGDP,3,1.19
7,M_GDPV,4,-0.51
7,M_NIV,4,-0.89
7,M_YDV,4,-0.27
7,M_W,4,-0.14
7,M_BCVAGDPV,4,-0.57
7,TAXAGDP,4,-0.11
7,M_BGVAGDPV,4,-0.29
7,M_PBGAGDPV,4,-0.26
7,Z_DEBTAGDP,4,1.31
7,M_GDPV,5,-0.54
7,M_NIV,5,-0.93
7,M_YDV,5,-0.33
7,M_W,5,-0.15
7,M_BCVAGDPV,5,-0.57
7,TAXAGDP,5,-0.11
7,M_BGVAGDPV,5,-0.28
7,M_PBGAGDPV,5,-0.25
7,Z_DEBTAGDP,5,1.42
8,M_GDP,1,-0.26
8,M_CP,1,0.06
8,M_IFP,1,-1.14
8,M_IHP,1,-0.33
8,M_G,1,0.0
8,M_XGS,1,-0.14
8,M_MGS,1,-0.01
8,M_FXS,1,-1.03
8,M_GDP,2,-0.35
8,M_CP,2,0.2
8,M_IFP,2,-1.95
8,M_IHP,2,-0.32
8,M_G,2,0.0
8,M_XGS,2,-0.19
8,M_MGS,2,-0.09
8,M_FXS,2,-0.97
8,M_GDP,3,-0.36
8,M_CP,3,0.33
8,M_IFP,3,-2.5
8,M_IHP,3,-0.08
8,M_G,3,0.0
8,M_XGS,3,-0.18
8,M_MGS,3,-0.19
8,M_FXS,3,-0.96
8,M_GDP,4,-0.36
8,M_CP,4,0.44
8,M_IFP,4,-2.84
8,M_IHP,4,0.15
8,M_G,4,0.0
8,M_XGS,4,-0.17
8,M_MGS,4,-0.28
8,M_FXS,4,-0.96
8,M_GDP,5,-0.34
8,M_CP,5,0.55
8,M_IFP,5,-3.1
8,M_IHP,5,0.39
8,M_G,5,0.0
8,M_XGS,5,-0.16
8,M_MGS,5,-0.33
8,M_FXS,5,-0.95
8,M_GDPP,1,-0.01
8,M_GAP,1,-0.25
8,M_PGDP,1,-0.04
8,M_CPIG,1,-0.05
8,M_RCO,1,1.0
8,M_RGB,1,0.97
8,M_UR,1,0.02
8,M_LE,1,-0.02
8,M_GDPP,2,-0.04
8,M_GAP,2,-0.31
8,M_PGDP,2,-0.1
8,M_CPIG,2,-0.12
8,M_RCO,2,1.0
8,M_RGB,2,1.02
8,M_UR,2,0.02
8,M_LE,2,-0.02
8,M_GDPP,3,-0.09
8,M_GAP,3,-0.28
8,M_PGDP,3,-0.17
8,M_CPIG,3,-0.18
8,M_RCO,3,1.0
8,M_RGB,3,1.01
8,M_UR,3,0.02
8,M_LE,3,-0.02
8,M_GDPP,4,-0.15
8,M_GAP,4,-0.2
8,M_PGDP,4,-0.23
8,M_CPIG,4,-0.23
8,M_RCO,4,1.0
8,M_RGB,4,1.02
8,M_UR,4,0.01
8,M_LE,4,-0.01
8,M_GDPP,5,-0.24
8,M_GAP,5,-0.1
8,M_PGDP,5,-0.26
8,M_CPIG,5,-0.25
8,M_RCO,5,1.0
8,M_RGB,5,1.02
8,M_UR,5,0.0
8,M_LE,5,0.0
8,M_GDPV,1,-0.3
8,M_NIV,1,-0.55
8,M_YDV,1,0.07
8,M_W,1,-0.14
8,M_BCVAGDPV,1,-0.11
8,TAXAGDP,1,-0.04
8,M_BGVAGDPV,1,-0.16
8,M_PBGAGDPV,1,-0.09
8,Z_DEBTAGDP,1,0.73
8,M_GDPV,2,-0.46
8,M_NIV,2,-0.92
8,M_YDV,2,0.27
8,M_W,2,-0.32
8,M_BCVAGDPV,2,-0.25
8,TAXAGDP,2,-0.1
8,M_BGVAGDPV,2,-0.4
8,M_PBGAGDPV,2,-0.16
8,Z_DEBTAGDP,2,1.37
8,M_GDPV,3,-0.54
8,M_NIV,3,-1.06
8,M_YDV,3,0.45
8,M_W,3,-0.46
8,M_BCVAGDPV,3,-0.31
8,TAXAGDP,3,-0.12
8,M_BGVAGDPV,3,-0.56
8,M_PBGAGDPV,3,-0.19
8,Z_DEBTAGDP,3,2.0
8,M_GDPV,4,-0.58
8,M_NIV,4,-1.15
8,M_YDV,4,0.62
8,M_W,4,-0.55
8,M_BCVAGDPV,4,-0.37
8,TAXAGDP,4,-0.13
8,M_BGVAGDPV,4,-0.68
8,M_PBGAGDPV,4,-0.19
8,Z_DEBTAGDP,4,2.66
8,M_GDPV,5,-0.6
8,M_NIV,5,-1.18
8,M_YDV,5,0.84
8,M_W,5,-0.61
8,M_BCVAGDPV,5,-0.43
8,TAXAGDP,5,-0.12
8,M_BGVAGDPV,5,-0.81
8,M_PBGAGDPV,5,-0.18
8,Z_DEBTAGDP,5,3.38
