case,variant,var,year,model,published
tfp,kako,PB,2027,-0.0617670508025274,-0.09999999999999998
tfp,kako,DEBT,2027,0.4671988267213578,0.5999999999999943
tfp,kako,NGDP,2027,-0.2143591904684161,-0.27023183046508414
tfp,kako,RGDP,2027,-0.2654033872263817,
tfp,kako,POT,2027,-0.5076108462316542,-0.49999999999999994
tfp,kako,RGB,2027,0.0042671747378664,
tfp,kako,PB,2028,-0.1695817624453184,-0.09999999999999998
tfp,kako,DEBT,2028,1.195107696585325,1.4000000000000057
tfp,kako,NGDP,2028,-0.5076950961078963,-0.6321112515802807
tfp,kako,RGDP,2028,-0.6546908018183473,
tfp,kako,POT,2028,-0.5234139393726078,-0.5
tfp,kako,RGB,2028,0.0451373827667214,
tfp,kako,PB,2029,-0.3002923485334701,-0.19999999999999996
tfp,kako,DEBT,2029,2.1666610944192257,2.3000000000000114
tfp,kako,NGDP,2029,-0.8545344023035084,-1.0409437890353868
tfp,kako,RGDP,2029,-1.123213623425312,
tfp,kako,POT,2029,-0.5494600444935105,-0.5
tfp,kako,RGB,2029,0.0734336967364859,
tfp,kako,PB,2030,-0.4446823332584053,-0.4
tfp,kako,DEBT,2030,3.411557944826626,3.4000000000000057
tfp,kako,NGDP,2030,-1.2599556376451493,-1.4947888096544237
tfp,kako,RGDP,2030,-1.6644890218375896,
tfp,kako,POT,2030,-0.5862152211267957,-0.7
tfp,kako,RGB,2030,0.0906434551707313,
tfp,kako,PB,2031,-0.6016964238184841,-0.5
tfp,kako,DEBT,2031,4.952669100214479,4.699999999999989
tfp,kako,NGDP,2031,-1.7263472955889925,-2.0056918281609937
tfp,kako,RGDP,2031,-2.273121109655773,
tfp,kako,POT,2031,-0.6339926109192318,-0.7
tfp,kako,RGB,2031,0.0988733823310261,
tfp,kako,PB,2032,-0.7437796702989476,-0.5
tfp,kako,DEBT,2032,6.525324282219032,5.799999999999983
tfp,kako,NGDP,2032,-2.1263574402276664,-2.5046879185641635
tfp,kako,RGDP,2032,-2.834054535120567,
tfp,kako,POT,2032,-0.6822336534729523,-0.7
tfp,kako,RGB,2032,0.1083144522603793,
tfp,kako,PB,2033,-0.8773741323660869,-0.7
tfp,kako,DEBT,2033,8.152429110789114,7.099999999999994
tfp,kako,NGDP,2033,-2.47535480261748,-2.9925847457627164
tfp,kako,RGDP,2033,-3.3795355524603554,
tfp,kako,POT,2033,-0.7247774677623164,-0.8
tfp,kako,RGB,2033,0.1116447150364994,
tfp,kako,PB,2034,-1.016365973967764,-0.9
tfp,kako,DEBT,2034,9.898354754012844,8.199999999999989
tfp,kako,NGDP,2034,-2.800676709659533,-3.5101506221349
tfp,kako,RGDP,2034,-3.9434177604269816,
tfp,kako,POT,2034,-0.7590617779252962,-0.8
tfp,kako,RGB,2034,0.1335677582226413,
tfp,kako,PB,2035,-1.1698292384783946,-1.0
tfp,kako,DEBT,2035,11.82879112510912,9.400000000000006
tfp,kako,NGDP,2035,-3.122514201193194,-4.055980303226647
tfp,kako,RGDP,2035,-4.544008467737603,
tfp,kako,POT,2035,-0.7837843467142669,-0.9
tfp,kako,RGB,2035,0.1795897582785133,
rate,kako,PB,2027,-0.0606086799386365,
rate,kako,DEBT,2027,0.3695881473825295,0.20000000000001705
rate,kako,NGDP,2027,-0.1415825556612349,
rate,kako,RGDP,2027,-0.1225276462874735,
rate,kako,POT,2027,-0.0046608685907889,
rate,kako,RGB,2027,0.5,0.5
rate,kako,PB,2028,-0.1049010051069629,
rate,kako,DEBT,2028,0.7273953238270963,0.5999999999999943
rate,kako,NGDP,2028,-0.2038353963536909,
rate,kako,RGDP,2028,-0.1547231643139857,
rate,kako,POT,2028,-0.0116846017526039,
rate,kako,RGB,2028,0.5,0.5
rate,kako,PB,2029,-0.1171914859790277,
rate,kako,DEBT,2029,1.112420870635134,0.9000000000000057
rate,kako,NGDP,2029,-0.224492520140529,
rate,kako,RGDP,2029,-0.1458641395564397,
rate,kako,POT,2029,-0.0198102766633567,
rate,kako,RGB,2029,0.5,0.5
rate,kako,PB,2030,-0.110307299584655,
rate,kako,DEBT,2030,1.5491673432848927,1.3000000000000114
rate,kako,NGDP,2030,-0.2275233066092341,
rate,kako,RGDP,2030,-0.1287711733636287,
rate,kako,POT,2030,-0.0284278405423998,
rate,kako,RGB,2030,0.5,0.5
rate,kako,PB,2031,-0.087923514114411,
rate,kako,DEBT,2031,2.0369027183462265,1.799999999999983
rate,kako,NGDP,2031,-0.2198852384697636,
rate,kako,RGDP,2031,-0.1133161073350375,
rate,kako,POT,2031,-0.0372874264237044,
rate,kako,RGB,2031,0.5,0.5
rate,kako,PB,2032,-0.0314142752780084,
rate,kako,DEBT,2032,2.2889160302176776,2.0
rate,kako,NGDP,2032,-0.0751635661426552,
rate,kako,RGDP,2032,0.0095196345671899,
rate,kako,POT,2032,-0.0367905408271029,
rate,kako,RGB,2032,0.5,0.5
rate,kako,PB,2033,0.0097301707390513,
rate,kako,DEBT,2033,2.6404562197955954,2.4000000000000057
rate,kako,NGDP,2033,0.0419406894374807,
rate,kako,RGDP,2033,0.0738664721843251,
rate,kako,POT,2033,-0.0313581930918793,
rate,kako,RGB,2033,0.5,0.4999999999999998
rate,kako,PB,2034,0.0346853972279879,
rate,kako,DEBT,2034,3.0794777685545967,2.799999999999983
rate,kako,NGDP,2034,0.1475623205440035,
rate,kako,RGDP,2034,0.107664612373548,
rate,kako,POT,2034,-0.0234878719987063,
rate,kako,RGB,2034,0.5,0.4999999999999998
rate,kako,PB,2035,0.0503438675600538,
rate,kako,DEBT,2035,3.5975868263680297,3.1999999999999886
rate,kako,NGDP,2035,0.2502106527292325,
rate,kako,RGDP,2035,0.1267660634349798,
rate,kako,POT,2035,-0.0144055046532809,
rate,kako,RGB,2035,0.5,0.5000000000000002
rate,seicho,PB,2027,-0.0598828240401394,
rate,seicho,DEBT,2027,0.3639981710581708,0.19999999999998863
rate,seicho,NGDP,2027,-0.1391838302171377,
rate,seicho,RGDP,2027,-0.1204067321145641,
rate,seicho,POT,2027,-0.004704349170348,
rate,seicho,RGB,2027,0.5,0.5
rate,seicho,PB,2028,-0.1046230270013963,
rate,seicho,DEBT,2028,0.7173060909791502,0.5
rate,seicho,NGDP,2028,-0.201667633719782,
rate,seicho,RGDP,2028,-0.1532403476442345,
rate,seicho,POT,2028,-0.0117293745650171,
rate,seicho,RGB,2028,0.5,0.5
rate,seicho,PB,2029,-0.1185506830459757,
rate,seicho,DEBT,2029,1.0955254315176433,0.9000000000000057
rate,seicho,NGDP,2029,-0.2246897893805499,
rate,seicho,RGDP,2029,-0.1467294410025021,
rate,seicho,POT,2029,-0.0197823917577499,
rate,seicho,RGB,2029,0.5,0.5
rate,seicho,PB,2030,-0.1142700963153762,
rate,seicho,DEBT,2030,1.5202768632122172,1.3000000000000114
rate,seicho,NGDP,2030,-0.2318261603940441,
rate,seicho,RGDP,2030,-0.1329255781919669,
rate,seicho,POT,2030,-0.0282439139485779,
rate,seicho,RGB,2030,0.5,0.5
rate,seicho,PB,2031,-0.09538959492985,
rate,seicho,DEBT,2031,1.9884475312409504,1.6999999999999886
rate,seicho,NGDP,2031,-0.2299281799967412,
rate,seicho,RGDP,2031,-0.1213230170112877,
rate,seicho,POT,2031,-0.0368624087301983,
rate,seicho,RGB,2031,0.5,0.5
rate,seicho,PB,2032,-0.0417277046228661,
rate,seicho,DEBT,2032,2.214998600665382,2.0
rate,seicho,NGDP,2032,-0.0951643797097556,
rate,seicho,RGDP,2032,-0.0049129245517476,
rate,seicho,POT,2032,-0.036168070217224,
rate,seicho,RGB,2032,0.5,0.5
rate,seicho,PB,2033,-0.0027258939002383,
rate,seicho,DEBT,2033,2.525896528137565,2.3999999999999773
rate,seicho,NGDP,2033,0.0110000126118725,
rate,seicho,RGDP,2033,0.053916054102121,
rate,seicho,POT,2033,-0.0306678366427837,
rate,seicho,RGB,2033,0.5,0.5
rate,seicho,PB,2034,0.020349598860669,
rate,seicho,DEBT,2034,2.90665314192222,2.8000000000000114
rate,seicho,NGDP,2034,0.1044388244608951,
rate,seicho,RGDP,2034,0.0826950845618679,
rate,seicho,POT,2034,-0.0228805765104977,
rate,seicho,RGB,2034,0.5,0.5
rate,seicho,PB,2035,0.0342909669960191,
rate,seicho,DEBT,2035,3.3461510239472148,3.200000000000017
rate,seicho,NGDP,2035,0.1938600444244764,
rate,seicho,RGDP,2035,0.0973011031844661,
rate,seicho,POT,2035,-0.0140324148453441,
rate,seicho,RGB,2035,0.5,0.5
gov,kako,PB,2027,-0.3528601514524825,-0.39999999999999997
gov,kako,DEBT,2027,-0.961403226954218,
gov,kako,NGDP,2027,0.6524492793881453,
gov,kako,RGDP,2027,0.5371090793224731,
gov,kako,POT,2027,0.0011047177569611,
gov,kako,RGB,2027,0.0241727696971629,
gov,kako,PB,2028,-0.3516747132819164,-0.30000000000000004
gov,kako,DEBT,2028,-0.785934059131165,
gov,kako,NGDP,2028,0.7178752703440594,
gov,kako,RGDP,2028,0.4753764311519859,
gov,kako,POT,2028,0.0025541188861444,
gov,kako,RGB,2028,0.0412648084210807,
gov,kako,PB,2029,-0.3879234063587649,-0.4
gov,kako,DEBT,2029,-0.4285435209191632,
gov,kako,NGDP,2029,0.7218813502656962,
gov,kako,RGDP,2029,0.3730742760900796,
gov,kako,POT,2029,0.0026569883843752,
gov,kako,RGB,2029,0.1743261773630697,
gov,kako,PB,2030,-0.4216948485253253,-0.4
gov,kako,DEBT,2030,0.0336346159317599,
gov,kako,NGDP,2030,0.7134487425982439,
gov,kako,RGDP,2030,0.2810384722612635,
gov,kako,POT,2030,0.0013225625837165,
gov,kako,RGB,2030,0.2370102192386483,
gov,kako,PB,2031,-0.4458754666400055,-0.5
gov,kako,DEBT,2031,0.554888465394157,
gov,kako,NGDP,2031,0.7168758276880016,
gov,kako,RGDP,2031,0.219031039351325,
gov,kako,POT,2031,-0.0012677157392282,
gov,kako,RGB,2031,0.2815592726797007,
gov,kako,PB,2032,-0.467388489019217,-0.4
gov,kako,DEBT,2032,1.2017466957622958,
gov,kako,NGDP,2032,0.6977857900543949,
gov,kako,RGDP,2032,0.1501058210865657,
gov,kako,POT,2032,-0.0070059963052315,
gov,kako,RGB,2032,0.3020985324615646,
gov,kako,PB,2033,-0.4776903738275082,-0.5
gov,kako,DEBT,2033,1.880998626238352,
gov,kako,NGDP,2033,0.6989766552401688,
gov,kako,RGDP,2033,0.1112879230774188,
gov,kako,POT,2033,-0.0140346145993452,
gov,kako,RGB,2033,0.3080613517725217,
gov,kako,PB,2034,-0.4725593413821924,-0.5
gov,kako,DEBT,2034,2.5138992371267648,
gov,kako,NGDP,2034,0.7490775021220752,
gov,kako,RGDP,2034,0.1194600931057277,
gov,kako,POT,2034,-0.0185551568025132,
gov,kako,RGB,2034,0.2983380641038886,
gov,kako,PB,2035,-0.4648078235244914,-0.5
gov,kako,DEBT,2035,3.155528302143836,
gov,kako,NGDP,2035,0.8127843553680014,
gov,kako,RGDP,2035,0.1332770679917327,
gov,kako,POT,2035,-0.0200485543386585,
gov,kako,RGB,2035,0.2809301304470177,
gov,seicho,PB,2027,-0.3525422102565854,-0.3
gov,seicho,DEBT,2027,-0.9605338944998892,
gov,seicho,NGDP,2027,0.6524831545591248,
gov,seicho,RGDP,2027,0.53718478612792,
gov,seicho,POT,2027,0.0011260890097286,
gov,seicho,RGB,2027,0.0242298825661935,
gov,seicho,PB,2028,-0.3502239730120762,-0.30000000000000004
gov,seicho,DEBT,2028,-0.790856947478062,
gov,seicho,NGDP,2028,0.7195609240673972,
gov,seicho,RGDP,2028,0.4770933224975238,
gov,seicho,POT,2028,0.0025901563190044,
gov,seicho,RGB,2028,0.0416333239391866,
gov,seicho,PB,2029,-0.3851352067380749,-0.4
gov,seicho,DEBT,2029,-0.4463544373111574,
gov,seicho,NGDP,2029,0.726578333466743,
gov,seicho,RGDP,2029,0.3773964488966053,
gov,seicho,POT,2029,0.0026813804359759,
gov,seicho,RGB,2029,0.1748577449076824,
gov,seicho,PB,2030,-0.4179527032861607,-0.3999999999999999
gov,seicho,DEBT,2030,-0.0037962226546142,
gov,seicho,NGDP,2030,0.7213518759605186,
gov,seicho,RGDP,2030,0.2876598462045798,
gov,seicho,POT,2030,0.0013265673328266,
gov,seicho,RGB,2030,0.2380070649910828,
gov,seicho,PB,2031,-0.4415435964650103,-0.5
gov,seicho,DEBT,2031,0.4897685885361795,
gov,seicho,NGDP,2031,0.7278982617916485,
gov,seicho,RGDP,2031,0.2274591597612563,
gov,seicho,POT,2031,-0.0012778014791603,
gov,seicho,RGB,2031,0.2833370267465929,
gov,seicho,PB,2032,-0.4626674102251324,-0.5
gov,seicho,DEBT,2032,1.0989760792650711,
gov,seicho,NGDP,2032,0.7119437148069396,
gov,seicho,RGDP,2032,0.1600463240059024,
gov,seicho,POT,2032,-0.0070068891584229,
gov,seicho,RGB,2032,0.3047865315229989,
gov,seicho,PB,2033,-0.4727388791263049,-0.5
gov,seicho,DEBT,2033,1.7295976002926352,
gov,seicho,NGDP,2033,0.7160037512672801,
gov,seicho,RGDP,2033,0.12227081650511,
gov,seicho,POT,2033,-0.0139728205686084,
gov,seicho,RGB,2033,0.3116623824262561,
gov,seicho,PB,2034,-0.4673756540120177,-0.5
gov,seicho,DEBT,2034,2.3028675895805577,
gov,seicho,NGDP,2034,0.7683543708410179,
gov,seicho,RGDP,2034,0.1308424504623762,
gov,seicho,POT,2034,-0.0184062514215099,
gov,seicho,RGB,2034,0.3027801761749975,
gov,seicho,PB,2035,-0.4588809130709619,-0.5
gov,seicho,DEBT,2035,2.87110774085599,
gov,seicho,NGDP,2035,0.8348047151625071,
gov,seicho,RGDP,2035,0.1455688557847834,
gov,seicho,POT,2035,-0.0198258813082219,
gov,seicho,RGB,2035,0.2861103469989343,
