case,item,year,model,published
kako,潜在成長率,2024,0.5,0.5
kako,実質GDP成長率,2024,0.5,0.5
kako,名目GDP成長率,2024,3.7,3.7
kako,名目GDP,2024,642.4,642.4
kako,1人当たり実質GDP成長率,2024,0.9,0.9
kako,賃金上昇率,2024,3.2,3.2
kako,完全失業率,2024,2.5,2.5
kako,消費者物価上昇率,2024,3.0,3.0
kako,GDPデフレーター変化率,2024,3.2,3.2
kako,名目長期金利,2024,1.1,1.1
kako,基礎的財政収支（対GDP比）,2024,-1.8,-1.8
kako,公債等残高（対GDP比）,2024,193.5,193.5
kako,潜在成長率,2025,0.6018798546317372,0.6
kako,実質GDP成長率,2025,1.1029938698703168,1.1
kako,名目GDP成長率,2025,4.239494001684596,4.2
kako,名目GDP,2025,669.64983267244,669.2
kako,1人当たり実質GDP成長率,2025,1.5716771026328402,1.5
kako,賃金上昇率,2025,3.1993545943569845,3.2
kako,完全失業率,2025,2.5004174615649832,2.5
kako,消費者物価上昇率,2025,2.6010286559186246,2.6
kako,GDPデフレーター変化率,2025,3.102282150071112,3.1
kako,名目長期金利,2025,1.7013777121285618,1.7
kako,基礎的財政収支（対GDP比）,2025,-1.0304252033296408,-1.0
kako,公債等残高（対GDP比）,2025,192.80176264421675,192.8
kako,潜在成長率,2026,0.8004381546186767,0.8
kako,実質GDP成長率,2026,1.2971511015197112,1.3
kako,名目GDP成長率,2026,3.324297640925944,3.4
kako,名目GDP,2026,691.9109862624344,691.9
kako,1人当たり実質GDP成長率,2026,1.8224109194930893,1.8
kako,賃金上昇率,2026,3.196760018742495,3.2
kako,完全失業率,2026,2.404061597729996,2.4
kako,消費者物価上昇率,2026,1.9001464897303588,1.9
kako,GDPデフレーター変化率,2026,2.001188105582852,2.0
kako,名目長期金利,2026,2.0999540779068395,2.1
kako,基礎的財政収支（対GDP比）,2026,-0.1300491039549594,-0.1
kako,公債等残高（対GDP比）,2026,186.5996492277972,186.6
kako,潜在成長率,2027,0.7007602439310423,0.7
kako,実質GDP成長率,2027,0.5986686172404498,0.6
kako,名目GDP成長率,2027,1.7064228552610805,1.6
kako,名目GDP,2027,703.717913470079,703.1
kako,1人当たり実質GDP成長率,2027,1.1203065684728395,1.1
kako,賃金上昇率,2027,1.600042222900555,1.6
kako,完全失業率,2027,2.397001946097804,2.4
kako,消費者物価上昇率,2027,1.39927748494173,1.4
kako,GDPデフレーター変化率,2027,1.1011619272190742,1.1
kako,名目長期金利,2027,2.1007554093019496,2.1
kako,基礎的財政収支（対GDP比）,2027,0.4612863360109663,0.6
kako,公債等残高（対GDP比）,2027,185.765642809392,185.1
kako,潜在成長率,2028,0.5956467546362143,0.6
kako,実質GDP成長率,2028,0.4987244344442754,0.5
kako,名目GDP成長率,2028,1.2037311900855665,1.2
kako,名目GDP,2028,712.1887854847378,711.9
kako,1人当たり実質GDP成長率,2028,1.0198441414544623,1.1
kako,賃金上昇率,2028,1.5000338049723672,1.5
kako,完全失業率,2028,2.496901236557127,2.5
kako,消費者物価上昇率,2028,1.1008860509502003,1.1
kako,GDPデフレーター変化率,2028,0.7015081630199482,0.7
kako,名目長期金利,2028,2.0009798998235047,2.0
kako,基礎的財政収支（対GDP比）,2028,0.8784065290053537,0.9
kako,公債等残高（対GDP比）,2028,185.8548813754502,184.4
kako,潜在成長率,2029,0.5997402290755405,0.6
kako,実質GDP成長率,2029,0.5005003981232381,0.5
kako,名目GDP成長率,2029,1.2059747616036454,1.2
kako,名目GDP,2029,720.7776024926552,720.5
kako,1人当たり実質GDP成長率,2029,1.021629314102945,1.0
kako,賃金上昇率,2029,1.402719365370042,1.4
kako,完全失業率,2029,2.502461931097263,2.5
kako,消費者物価上昇率,2029,1.09762958296864,1.1
kako,GDPデフレーター変化率,2029,0.7019610456596492,0.7
kako,名目長期金利,2029,1.999172434009485,2.0
kako,基礎的財政収支（対GDP比）,2029,0.909601857259168,1.0
kako,公債等残高（対GDP比）,2029,186.16912863817376,184.2
kako,潜在成長率,2030,0.6011266914322855,0.6
kako,実質GDP成長率,2030,0.4991025251640968,0.5
kako,名目GDP成長率,2030,1.2036790313733503,1.2
kako,名目GDP,2030,729.4534513566948,729.2
kako,1人当たり実質GDP成長率,2030,1.0202241927018465,1.0
kako,賃金上昇率,2030,1.3001125695837557,1.3
kako,完全失業率,2030,2.495063658710213,2.5
kako,消費者物価上昇率,2030,1.099378751715241,1.1
kako,GDPデフレーター変化率,2030,0.70107741114942,0.7
kako,名目長期金利,2030,1.9989659294642568,2.0
kako,基礎的財政収支（対GDP比）,2030,0.9544514253389452,1.0
kako,公債等残高（対GDP比）,2030,186.631110526226,184.1
kako,潜在成長率,2031,0.5003860129756399,0.5
kako,実質GDP成長率,2031,0.4996933949506843,0.5
kako,名目GDP成長率,2031,1.2026704049557635,1.2
kako,名目GDP,2031,738.2263721340902,737.9
kako,1人当たり実質GDP成長率,2031,1.0918314724827516,1.1
kako,賃金上昇率,2031,1.200629291447508,1.2
kako,完全失業率,2031,2.6005738107712664,2.6
kako,消費者物価上昇率,2031,1.0960594479253905,1.1
kako,GDPデフレーター変化率,2031,0.6994817459015312,0.7
kako,名目長期金利,2031,1.9010424254385887,1.9
kako,基礎的財政収支（対GDP比）,2031,0.989317846089798,1.0
kako,公債等残高（対GDP比）,2031,187.21173193067784,184.3
kako,潜在成長率,2032,0.4990091128609375,0.5
kako,実質GDP成長率,2032,0.4991279755699684,0.5
kako,名目GDP成長率,2032,1.2044692193544204,1.2
kako,名目GDP,2032,747.1180815556021,746.6
kako,1人当たり実質GDP成長率,2032,1.091262721685582,1.1
kako,賃金上昇率,2032,1.2003266047371008,1.2
kako,完全失業率,2032,2.60128106137458,2.6
kako,消費者物価上昇率,2032,1.1011448591737194,1.1
kako,GDPデフレーター変化率,2032,0.7018381731459744,0.7
kako,名目長期金利,2032,1.8994216233362025,1.9
kako,基礎的財政収支（対GDP比）,2032,0.9661017340604954,0.9
kako,公債等残高（対GDP比）,2032,187.93880089366823,184.8
kako,潜在成長率,2033,0.5012296416729844,0.5
kako,実質GDP成長率,2033,0.499539209734734,0.5
kako,名目GDP成長率,2033,1.2042817901917635,1.2
kako,名目GDP,2033,756.1154885630062,755.2
kako,1人当たり実質GDP成長率,2033,1.0916763788168191,1.0
kako,賃金上昇率,2033,1.1997255547467,1.2
kako,完全失業率,2033,2.599713505853263,2.6
kako,消費者物価上昇率,2033,1.1023557277240137,1.1
kako,GDPデフレーター変化率,2033,0.7012396135857024,0.7
kako,名目長期金利,2033,1.8012151794297009,1.8
kako,基礎的財政収支（対GDP比）,2033,0.9328633651871088,0.9
kako,公債等残高（対GDP比）,2033,188.77960698897425,185.4
kako,潜在成長率,2034,0.3990270311472699,0.4
kako,実質GDP成長率,2034,0.4002570640558645,0.4
kako,名目GDP成長率,2034,1.1039530121707664,1.1
kako,名目GDP,2034,764.4626482744873,763.5
kako,1人当たり実質GDP成長率,2034,0.9918092687776658,1.0
kako,賃金上昇率,2034,1.1992731582797678,1.2
kako,完全失業率,2034,2.59627344662067,2.6
kako,消費者物価上昇率,2034,1.1008863087077714,1.1
kako,GDPデフレーター変化率,2034,0.700890584085867,0.7
kako,名目長期金利,2034,1.798667221663583,1.8
kako,基礎的財政収支（対GDP比）,2034,0.8802250785474978,0.9
kako,公債等残高（対GDP比）,2034,189.92177179075043,186.3
kako,潜在成長率,2035,0.4015815816194257,0.4
kako,実質GDP成長率,2035,0.3993044059817485,0.4
kako,名目GDP成長率,2035,1.1036995047151166,1.1
kako,名目GDP,2035,772.9000187372249,771.7
kako,1人当たり実質GDP成長率,2035,0.9908509976999104,1.0
kako,賃金上昇率,2035,1.1993511405036017,1.2
kako,完全失業率,2035,2.599567554787395,2.6
kako,消費者物価上昇率,2035,1.1021008554271905,1.1
kako,GDPデフレーター変化率,2035,0.7015936045130289,0.7
kako,名目長期金利,2035,1.7015150693644154,1.7
kako,基礎的財政収支（対GDP比）,2035,0.7919930601063123,0.8
kako,公債等残高（対GDP比）,2035,191.1534825861824,187.5
seicho,潜在成長率,2024,0.5,0.5
seicho,実質GDP成長率,2024,0.5,0.5
seicho,名目GDP成長率,2024,3.7,3.7
seicho,名目GDP,2024,642.4,642.4
seicho,1人当たり実質GDP成長率,2024,0.9,0.9
seicho,賃金上昇率,2024,3.2,3.2
seicho,完全失業率,2024,2.5,2.5
seicho,消費者物価上昇率,2024,3.0,3.0
seicho,GDPデフレーター変化率,2024,3.2,3.2
seicho,名目長期金利,2024,1.1,1.1
seicho,基礎的財政収支（対GDP比）,2024,-1.8,-1.8
seicho,公債等残高（対GDP比）,2024,193.5,193.5
seicho,潜在成長率,2025,0.6024851292563804,0.6
seicho,実質GDP成長率,2025,1.08581262738221,1.1
seicho,名目GDP成長率,2025,4.218814475402644,4.2
seicho,名目GDP,2025,669.5169843557144,669.2
seicho,1人当たり実質GDP成長率,2025,1.5544162130446182,1.5
seicho,賃金上昇率,2025,3.190512499883291,3.2
seicho,完全失業率,2025,2.503216161646379,2.5
seicho,消費者物価上昇率,2025,2.6002933694641905,2.6
seicho,GDPデフレーター変化率,2025,3.099348728074802,3.1
seicho,名目長期金利,2025,1.7013260197255218,1.7
seicho,基礎的財政収支（対GDP比）,2025,-1.023338169327778,-1.0
seicho,公債等残高（対GDP比）,2025,192.7999997057556,192.8
seicho,潜在成長率,2026,0.7975709218024374,0.8
seicho,実質GDP成長率,2026,1.296561214026304,1.3
seicho,名目GDP成長率,2026,3.3227549819407898,3.4
seicho,名目GDP,2026,691.7633933083335,691.9
seicho,1人当たり実質GDP成長率,2026,1.8218179732344848,1.8
seicho,賃金上昇率,2026,3.197382446061092,3.2
seicho,完全失業率,2026,2.4009254440560213,2.4
seicho,消費者物価上昇率,2026,1.896864164219214,1.9
seicho,GDPデフレーター変化率,2026,2.000259183170705,2.0
seicho,名目長期金利,2026,2.098747600606098,2.1
seicho,基礎的財政収支（対GDP比）,2026,-0.1308037752217833,-0.1
seicho,公債等残高（対GDP比）,2026,186.59845550140523,186.6
seicho,潜在成長率,2027,1.1028538373962116,1.1
seicho,実質GDP成長率,2027,1.0971176267978278,1.1
seicho,名目GDP成長率,2027,2.7174007283513824,2.6
seicho,名目GDP,2027,710.5613767965625,710.1
seicho,1人当たり実質GDP成長率,2027,1.6213402038877112,1.6
seicho,賃金上昇率,2027,3.1000952712353147,3.1
seicho,完全失業率,2027,2.3990913514391194,2.4
seicho,消費者物価上昇率,2027,2.101157752999905,2.1
seicho,GDPデフレーター変化率,2027,1.6026996018110529,1.6
seicho,名目長期金利,2027,2.301567997334941,2.3
seicho,基礎的財政収支（対GDP比）,2027,0.5610191671561424,0.6
seicho,公債等残高（対GDP比）,2027,184.03056938732615,183.3
seicho,潜在成長率,2028,1.3006645921962878,1.3
seicho,実質GDP成長率,2028,1.0999383661340678,1.1
seicho,名目GDP成長率,2028,2.721366564552685,2.7
seicho,名目GDP,2028,729.8983565253294,729.2
seicho,1人当たり実質GDP成長率,2028,1.6241755697064877,1.6
seicho,賃金上昇率,2028,3.0002421669585777,3.0
seicho,完全失業率,2028,2.4978405170074502,2.5
seicho,消費者物価上昇率,2028,2.002133223840929,2.0
seicho,GDPデフレーター変化率,2028,1.603787524137612,1.6
seicho,名目長期金利,2028,2.5002997663160595,2.5
seicho,基礎的財政収支（対GDP比）,2028,1.1002860570729718,1.1
seicho,公債等残高（対GDP比）,2028,181.5417976230545,180.1
seicho,潜在成長率,2029,1.4959057442576862,1.5
seicho,実質GDP成長率,2029,1.2999852909373557,1.3
seicho,名目GDP成長率,2029,2.922753529534927,2.9
seicho,名目GDP,2029,751.2314865026909,750.3
seicho,1人当たり実質GDP成長率,2029,1.825259805136814,1.8
seicho,賃金上昇率,2029,3.099641147480492,3.1
seicho,完全失業率,2029,2.5012049557501084,2.5
seicho,消費者物価上昇率,2029,1.9955112427110453,2.0
seicho,GDPデフレーター変化率,2029,1.601943212227086,1.6
seicho,名目長期金利,2029,2.699726797878233,2.7
seicho,基礎的財政収支（対GDP比）,2029,1.2821948389765447,1.3
seicho,公債等残高（対GDP比）,2029,179.00956567833634,176.9
seicho,潜在成長率,2030,1.6021537025319388,1.6
seicho,実質GDP成長率,2030,1.6005013775240329,1.6
seicho,名目GDP成長率,2030,3.2300021591458394,3.2
seicho,名目GDP,2030,775.4962797369113,774.4
seicho,1人当たり実質GDP成長率,2030,2.1273341687648277,2.1
seicho,賃金上昇率,2030,3.103141466605908,3.1
seicho,完全失業率,2030,2.599883140754005,2.6
seicho,消費者物価上昇率,2030,1.9999115986502949,2.0
seicho,GDPデフレーター変化率,2030,1.6038314377190943,1.6
seicho,名目長期金利,2030,2.899603407141752,2.9
seicho,基礎的財政収支（対GDP比）,2030,1.4918351349346222,1.4
seicho,公債等残高（対GDP比）,2030,176.1659586315949,173.5
seicho,潜在成長率,2031,1.598687475708993,1.6
seicho,実質GDP成長率,2031,1.5996078006485392,1.6
seicho,名目GDP成長率,2031,3.222714726619169,3.2
seicho,名目GDP,2031,800.4883125483765,799.5
seicho,1人当たり実質GDP成長率,2031,2.1982265069232287,2.2
seicho,賃金上昇率,2031,3.0013383863938703,3.0
seicho,完全失業率,2031,2.6012458954492232,2.6
seicho,消費者物価上昇率,2031,1.99852607098594,2.0
seicho,GDPデフレーター変化率,2031,1.59755235374881,1.6
seicho,名目長期金利,2031,2.9999520487785047,3.0
seicho,基礎的財政収支（対GDP比）,2031,1.7030684305606734,1.6
seicho,公債等残高（対GDP比）,2031,173.5779684601394,170.5
seicho,潜在成長率,2032,1.499634182726517,1.5
seicho,実質GDP成長率,2032,1.5049051494231636,1.5
seicho,名目GDP成長率,2032,3.127963072908413,3.1
seicho,名目GDP,2032,825.5272913678375,824.6
seicho,1人当たり実質GDP成長率,2032,2.1029658734401213,2.1
seicho,賃金上昇率,2032,3.001556344234735,3.0
seicho,完全失業率,2032,2.5999744178572604,2.6
seicho,消費者物価上昇率,2032,1.9989659305152283,2.0
seicho,GDPデフレーター変化率,2032,1.598994571885548,1.6
seicho,名目長期金利,2032,3.1000714028965826,3.1
seicho,基礎的財政収支（対GDP比）,2032,1.8315926170275565,1.7
seicho,公債等残高（対GDP比）,2032,171.416285539669,167.9
seicho,潜在成長率,2033,1.500587756936378,1.5
seicho,実質GDP成長率,2033,1.5019405459493207,1.5
seicho,名目GDP成長率,2033,3.12374356110976,3.0
seicho,名目GDP,2033,851.3146469771441,849.7
seicho,1人当たり実質GDP成長率,2033,2.0999838027028206,2.1
seicho,賃金上昇率,2033,2.9999749129400177,3.0
seicho,完全失業率,2033,2.596935124429013,2.6
seicho,消費者物価上昇率,2033,1.9995337639871824,2.0
seicho,GDPデフレーター変化率,2033,1.5978049349462564,1.6
seicho,名目長期金利,2033,3.199986267690222,3.2
seicho,基礎的財政収支（対GDP比）,2033,1.917372001836041,1.7
seicho,公債等残高（対GDP比）,2033,169.5384550136185,165.8
seicho,潜在成長率,2034,1.3999277774636498,1.4
seicho,実質GDP成長率,2034,1.399975240333906,1.4
seicho,名目GDP成長率,2034,3.0250095468409954,3.0
seicho,名目GDP,2034,877.0669963218584,875.4
seicho,1人当たり実質GDP成長率,2034,1.997417723712092,2.1
seicho,賃金上昇率,2034,2.996033380948515,3.0
seicho,完全失業率,2034,2.5999187294888597,2.6
seicho,消費者物価上昇率,2034,1.9996376446623776,2.0
seicho,GDPデフレーター変化率,2034,1.602598326735527,1.6
seicho,名目長期金利,2034,3.299558763671305,3.3
seicho,基礎的財政収支（対GDP比）,2034,1.953884865300611,1.8
seicho,公債等残高（対GDP比）,2034,168.0943100893395,164.0
seicho,潜在成長率,2035,1.4014001830913836,1.4
seicho,実質GDP成長率,2035,1.3995171603498058,1.4
seicho,名目GDP成長率,2035,3.024740606690801,3.0
seicho,名目GDP,2035,903.5959979074888,901.7
seicho,1人当たり実質GDP成長率,2035,1.9969569447483293,2.0
seicho,賃金上昇率,2035,2.999484683836484,3.0
seicho,完全失業率,2035,2.602345182372817,2.6
seicho,消費者物価上昇率,2035,2.000739569182075,2.0
seicho,GDPデフレーター変化率,2035,1.6027920959072572,1.6
seicho,名目長期金利,2035,3.3009451426596206,3.3
seicho,基礎的財政収支（対GDP比）,2035,1.968316000426704,1.8
seicho,公債等残高（対GDP比）,2035,166.84545238891565,162.6
koseicho,潜在成長率,2024,0.5,0.5
koseicho,実質GDP成長率,2024,0.5,0.5
koseicho,名目GDP成長率,2024,3.7,3.7
koseicho,名目GDP,2024,642.4,642.4
koseicho,1人当たり実質GDP成長率,2024,0.9,0.9
koseicho,賃金上昇率,2024,3.2,3.2
koseicho,完全失業率,2024,2.5,2.5
koseicho,消費者物価上昇率,2024,3.0,3.0
koseicho,GDPデフレーター変化率,2024,3.2,3.2
koseicho,名目長期金利,2024,1.1,1.1
koseicho,基礎的財政収支（対GDP比）,2024,-1.8,-1.8
koseicho,公債等残高（対GDP比）,2024,193.5,193.5
koseicho,潜在成長率,2025,0.6023903716487533,0.6
koseicho,実質GDP成長率,2025,1.0867508586253516,1.1
koseicho,名目GDP成長率,2025,4.219828810142645,4.2
koseicho,名目GDP,2025,669.5235005911915,669.2
koseicho,1人当たり実質GDP成長率,2025,1.5553587936471214,1.5
koseicho,賃金上昇率,2025,3.1911602943284656,3.2
koseicho,完全失業率,2025,2.5030492032583247,2.5
koseicho,消費者物価上昇率,2025,2.600419923951014,2.6
koseicho,GDPデフレーター変化率,2025,3.0993952469687613,3.1
koseicho,名目長期金利,2025,1.7012705538121011,1.7
koseicho,基礎的財政収支（対GDP比）,2025,-1.0238081825987124,-1.0
koseicho,公債等残高（対GDP比）,2025,192.79999972402203,192.8
koseicho,潜在成長率,2026,0.7982931942647875,0.8
koseicho,実質GDP成長率,2026,1.2968510119447663,1.3
koseicho,名目GDP成長率,2026,3.319763946950882,3.4
koseicho,名目GDP,2026,691.7501003801814,691.9
koseicho,1人当たり実質GDP成長率,2026,1.82210927385269,1.8
koseicho,賃金上昇率,2026,3.1977521009066034,3.2
koseicho,完全失業率,2026,2.4005626530293,2.4
koseicho,消費者物価上昇率,2026,1.8969597857899645,1.9
koseicho,GDPデフレーター変化率,2026,1.9970146305662073,2.0
koseicho,名目長期金利,2026,2.0990110326304676,2.1
koseicho,基礎的財政収支（対GDP比）,2026,-0.1300788648665327,-0.1
koseicho,公債等残高（対GDP比）,2026,186.59961077763577,186.6
koseicho,潜在成長率,2027,1.2036585847669645,1.2
koseicho,実質GDP成長率,2027,1.097078878057145,1.1
koseicho,名目GDP成長率,2027,2.71748057677641,2.7
koseicho,名目GDP,2027,710.5482749978441,710.5
koseicho,1人当たり実質GDP成長率,2027,1.6213012542217742,1.6
koseicho,賃金上昇率,2027,3.2001087390463923,3.2
koseicho,完全失業率,2027,2.399053414612815,2.4
koseicho,消費者物価上昇率,2027,2.102479538026003,2.1
koseicho,GDPデフレーター変化率,2027,1.6028175262342792,1.6
koseicho,名目長期金利,2027,2.4016618438352824,2.4
koseicho,基礎的財政収支（対GDP比）,2027,0.5449924031621243,0.6
koseicho,公債等残高（対GDP比）,2027,184.06443290721398,183.2
koseicho,潜在成長率,2028,1.5007716838976837,1.5
koseicho,実質GDP成長率,2028,1.2023477397482107,1.2
koseicho,名目GDP成長率,2028,2.8258093916553095,2.8
koseicho,名目GDP,2028,730.6270148849779,730.6
koseicho,1人当たり実質GDP成長率,2028,1.727115970386639,1.7
koseicho,賃金上昇率,2028,3.2002274996463465,3.2
koseicho,完全失業率,2028,2.4976866654273833,2.5
koseicho,消費者物価上昇率,2028,2.0030413415085047,2.0
koseicho,GDPデフレーター変化率,2028,1.6041739032926383,1.6
koseicho,名目長期金利,2028,2.700243673147903,2.7
koseicho,基礎的財政収支（対GDP比）,2028,1.0733837430246855,1.1
koseicho,公債等残高（対GDP比）,2028,181.46565147707133,179.7
koseicho,潜在成長率,2029,1.89605517587359,1.9
koseicho,実質GDP成長率,2029,1.4999401568024817,1.5
koseicho,名目GDP成長率,2029,3.124913152385811,3.1
koseicho,名目GDP,2029,753.4584745680024,753.6
koseicho,1人当たり実質GDP成長率,2029,2.026251504272225,2.0
koseicho,賃金上昇率,2029,3.3996449507812,3.4
koseicho,完全失業率,2029,2.5013147410926413,2.5
koseicho,消費者物価上昇率,2029,1.9954855672442262,2.0
koseicho,GDPデフレーター変化率,2029,1.600959560002102,1.6
koseicho,名目長期金利,2029,2.999744574017846,3.0
koseicho,基礎的財政収支（対GDP比）,2029,1.2508592879312987,1.4
koseicho,公債等残高（対GDP比）,2029,178.7086214264599,176.1
koseicho,潜在成長率,2030,1.902652040890529,1.9
koseicho,実質GDP成長率,2030,1.8000361138763354,1.8
koseicho,名目GDP成長率,2030,3.4292246129758563,3.5
koseicho,名目GDP,2030,779.2962580264408,779.9
koseicho,1人当たり実質GDP成長率,2030,2.3279035598745113,2.4
koseicho,賃金上昇率,2030,3.401224157454208,3.4
koseicho,完全失業率,2030,2.599622953691228,2.6
koseicho,消費者物価上昇率,2030,2.0020253519513087,2.0
koseicho,GDPデフレーター変化率,2030,1.600381062226619,1.6
koseicho,名目長期金利,2030,3.200861013460993,3.2
koseicho,基礎的財政収支（対GDP比）,2030,1.4545957374249587,1.6
koseicho,公債等残高（対GDP比）,2030,175.7008166889302,172.1
koseicho,潜在成長率,2031,2.0000124222247617,2.0
koseicho,実質GDP成長率,2031,1.8995276346651435,1.9
koseicho,名目GDP成長率,2031,3.5293663048278523,3.6
koseicho,名目GDP,2031,806.8004775720102,807.8
koseicho,1人当たり実質GDP成長率,2031,2.4999134503500997,2.5
koseicho,賃金上昇率,2031,3.402251177651028,3.4
koseicho,完全失業率,2031,2.601679806616956,2.6
koseicho,消費者物価上昇率,2031,2.001078336133899,2.0
koseicho,GDPデフレーター変化率,2031,1.599456551017897,1.6
koseicho,名目長期金利,2031,3.3010627246568873,3.3
koseicho,基礎的財政収支（対GDP比）,2031,1.668171770008657,1.8
koseicho,公債等残高（対GDP比）,2031,172.80885047338677,168.4
koseicho,潜在成長率,2032,1.8989192151144252,1.9
koseicho,実質GDP成長率,2032,1.8995899835225094,1.9
koseicho,名目GDP成長率,2032,3.529765542268204,3.5
koseicho,名目GDP,2032,835.2786428242024,836.0
koseicho,1人当たり実質GDP成長率,2032,2.499976166563278,2.5
koseicho,賃金上昇率,2032,3.4010881220012834,3.4
koseicho,完全失業率,2032,2.595194231736622,2.6
koseicho,消費者物価上昇率,2032,1.9988618320200047,2.0
koseicho,GDPデフレーター変化率,2032,1.5997861806476443,1.6
koseicho,名目長期金利,2032,3.49867394361459,3.5
koseicho,基礎的財政収支（対GDP比）,2032,1.8198296039860917,1.9
koseicho,公債等残高（対GDP比）,2032,170.22061154001406,165.1
koseicho,潜在成長率,2033,1.901048047252396,1.9
koseicho,実質GDP成長率,2033,1.7998403207855063,1.8
koseicho,名目GDP成長率,2033,3.4277985452531468,3.4
koseicho,名目GDP,2033,863.9103119917407,864.5
koseicho,1人当たり実質GDP成長率,2033,2.39963878488354,2.4
koseicho,賃金上昇率,2033,3.399839925267334,3.4
koseicho,完全失業率,2033,2.599928727649422,2.6
koseicho,消費者物価上昇率,2033,2.000864559894344,2.0
koseicho,GDPデフレーター変化率,2033,1.5991756169105642,1.6
koseicho,名目長期金利,2033,3.6006479626610357,3.6
koseicho,基礎的財政収支（対GDP比）,2033,1.8938042341154167,2.1
koseicho,公債等残高（対GDP比）,2033,168.1428319873345,162.3
koseicho,潜在成長率,2034,1.9011477843209557,1.9
koseicho,実質GDP成長率,2034,1.7999729336629855,1.8
koseicho,名目GDP成長率,2034,3.430179858845195,3.4
koseicho,名目GDP,2034,893.5439895121681,894.1
koseicho,1人当たり実質GDP成長率,2034,2.3997721791082283,2.4
koseicho,賃金上昇率,2034,3.4967302100906705,3.5
koseicho,完全失業率,2034,2.6033030644017425,2.6
koseicho,消費者物価上昇率,2034,2.0018640204727767,2.0
koseicho,GDPデフレーター変化率,2034,1.6013824741368587,1.6
koseicho,名目長期金利,2034,3.600673205141047,3.6
koseicho,基礎的財政収支（対GDP比）,2034,1.9227256375504598,2.2
koseicho,公債等残高（対GDP比）,2034,166.3660907778106,159.8
koseicho,潜在成長率,2035,1.9026007929580313,1.9
koseicho,実質GDP成長率,2035,1.7998667394178103,1.8
koseicho,名目GDP成長率,2035,3.428985860393574,3.4
koseicho,名目GDP,2035,924.183486568937,924.5
koseicho,1人当たり実質GDP成長率,2035,2.3996653591727535,2.4
koseicho,賃金上昇率,2035,3.5000553323841777,3.5
koseicho,完全失業率,2035,2.5997163565878996,2.6
koseicho,消費者物価上昇率,2035,1.9995211152524561,2.0
koseicho,GDPデフレーター変化率,2035,1.600315573215183,1.6
koseicho,名目長期金利,2035,3.69862047441479,3.7
koseicho,基礎的財政収支（対GDP比）,2035,1.9205208258913382,2.3
koseicho,公債等残高（対GDP比）,2035,164.83827529012055,157.6
