case,scen,year,rgdp,rgdp_g,ngdp,cpi_g,pgdp_g,cp,w,w_g,rw,pb,debt,rgb,tciv
kako,base,2026,601027.2026388184,1.2971511015197112,691.9109862624344,1.9001464897303588,2.0011881055828518,305999.61437524436,46.15385263956436,3.196760018742495,0.40611767549484823,-0.1300491039549594,186.5996492277972,2.0999540779068395,33.18434969976543
kako,cut,2026,601027.2026388184,1.2971511015197112,691.9109862624344,1.9001464897303588,2.0011881055828518,305999.61437524436,46.15385263956436,3.196760018742495,0.40611767549484823,-0.1300491039549594,186.5996492277972,2.0999540779068395,33.18434969976543
kako,base,2027,604625.3638820952,0.5986686172404498,703.717913470079,1.39927748494173,1.1011619272190742,308617.3360333381,46.8923337692927,1.600042222900555,0.406921765136545,0.46128633601096636,185.76564280939198,2.1007554093019496,33.660722894482895
kako,cut,2027,611622.3475406072,1.7628394946635817,696.8376759868704,-1.8914110810189455,-1.032595519041113,314568.6899242847,47.16225040286426,2.1848615134578697,0.42299128838636946,-1.175510999590604,188.67424328062094,2.153249255351536,17.865693040339202
kako,base,2028,607640.7783086228,0.4987244344442754,712.1887854847378,1.1008860509502005,0.7015081630199482,310208.1305912731,47.59573462777256,1.5000338049723672,0.40852829812513947,0.8784065290053537,185.8548813754502,2.0009798998235047,34.155477086160275
kako,cut,2028,613168.5180737418,0.25279824050770117,705.1872894019166,1.31168399587962,0.9430327687231399,315249.48876140476,48.06358337374098,1.9111322364337102,0.42549407358933994,-0.8014918785031346,189.94257094216815,2.378684050772147,18.139476307685513
kako,base,2029,610682.0228232165,0.5005003981232381,720.7776024926552,1.09762958296864,0.7019610456596492,310433.23658800754,48.26336921448646,1.402719365370042,0.4097611441383838,0.909601857259168,186.16912863817376,1.999172434009485,34.62935553111179
kako,cut,2029,615393.3317010289,0.3628388545250605,714.0617567900462,1.26912972877955,0.892378629858892,315110.2782324558,48.845736189484704,1.6273293850392445,0.4269990912715144,-0.835165008307996,191.45089918624524,2.4041058609168173,18.406647561816143
kako,base,2030,613729.9522198504,0.4991025251640968,729.4534513566948,1.099378751715241,0.70107741114942,315446.5199663782,48.89084734414861,1.3001125695837557,0.41057472894862346,0.9544514253389453,186.63111052622602,1.9989659294642566,35.53975341894515
kako,cut,2030,618106.7069800271,0.4409172376792281,723.3997898561285,1.244737897639192,0.8630122495407511,320444.1995749828,49.51436124288762,1.368850396294885,0.4275225350103386,-0.8677116469217718,193.1619003649071,2.514816701051794,18.93989959673632
kako,base,2031,616796.7202539269,0.4996933949506843,738.2263721340902,1.0960594479253905,0.6994817459015312,317064.923602327,49.477845178199345,1.200629291447508,0.41099941152670566,0.9893178460897981,187.21173193067784,1.9010424254385891,36.14900260702858
kako,cut,2031,621614.0336516907,0.5674306122319672,733.7535026979132,1.2408802628890214,0.8589528014271375,323094.35867670865,50.18148941083024,1.3473427732816567,0.4279721075763657,-0.8600095862003818,194.89175739950392,2.5197476480977103,19.349018831529076
kako,base,2032,619875.3252371124,0.49912797556996846,747.1180815556021,1.1011448591737194,0.7018381731459744,317360.74357457727,50.07174091732391,1.2003266047371008,0.41140260813854945,0.9661017340604954,187.93880089366826,1.8994216233362025,36.6589183289995
kako,cut,2032,624183.9132185527,0.41342045509578096,743.0514665132551,1.2336416972619224,0.8502425846312667,324468.5066862363,50.840131759926706,1.3125205266512507,0.4283055731940292,-0.9164941663609012,197.23783576024871,2.585569245039376,19.70480690644177
kako,base,2033,622971.8455381425,0.499539209734734,756.1154885630062,1.1023557277240137,0.7012396135857024,317355.6952169995,50.672464388815605,1.1997255547467,0.4117988224552466,0.9328633651871088,188.77960698897422,1.8012151794297009,37.146081327185954
kako,cut,2033,627756.3043684904,0.5723298973722146,753.6335046796768,1.2364017104605551,0.8469553236438276,325744.1364925512,51.52319928064708,1.3435596979683329,0.4287589314968371,-0.93595413628624,199.5119691198717,2.5606167511078994,20.05929874330618
kako,base,2034,625465.3343569881,0.4002570640558645,764.4626482744873,1.1008863087077714,0.700890584085867,317330.07952006214,51.28016565286954,1.1992731582797678,0.4121995666057491,0.8802250785474978,189.92177179075043,1.798667221663583,37.63484717811749
kako,cut,2034,630759.1446293938,0.47834489912836897,763.7923479093099,1.25250811597728,0.8654969396147072,326921.07216280757,52.23232816430679,1.3763292915820013,0.4292832586067212,-0.9667002192084526,202.1625751684159,2.585333743209718,20.416696522470346
kako,base,2035,627962.8449949641,0.39930440598174854,772.9000187372249,1.1021008554271905,0.7015936045130289,317453.9275685218,51.89519490447937,1.1993511405036017,0.41259606207935057,0.7919930601063123,191.1534825861824,1.7015150693644154,38.14137614794671
kako,cut,2035,633700.3536543227,0.46629669184692357,774.16091804339,1.271608158015236,0.88707854406751,328144.4534668237,52.96915932116931,1.4106802870143431,0.42987277562737475,-1.0370388544488742,204.9903719277126,2.525215943046776,20.784106945267283
seicho,base,2026,600921.565877231,1.2965612140263039,691.7633933083335,1.896864164219214,2.000259183170705,304489.3365786821,46.150176540549324,3.1973824460610922,0.40610131993416043,-0.13080377522178338,186.59845550140525,2.098747600606098,33.07535581395776
seicho,cut,2026,600921.565877231,1.2965612140263039,691.7633933083335,1.896864164219214,2.000259183170705,304489.3365786821,46.150176540549324,3.1973824460610922,0.40610131993416043,-0.13080377522178338,186.59845550140525,2.098747600606098,33.07535581395776
seicho,base,2027,607514.3822996996,1.0971176267978278,710.5613767965625,2.101157752999905,1.6026996018110529,309772.56326207216,47.580875981149646,3.1000952712353147,0.4100745348674185,0.5610191671561424,184.03056938732618,2.301567997334941,34.107617416910465
seicho,cut,2027,614554.0627572398,2.2685983752485317,703.5829259310569,-1.211980285809855,-0.5475671277390348,315752.03492916597,47.855427303610874,3.6950037700576255,0.42627312525781164,-1.081579023958212,186.9366225019978,2.3542609559641257,18.102676454121355
seicho,base,2028,614196.6660703963,1.0999383661340678,729.8983565253294,2.0021332238409295,1.603787524137612,313482.1052352418,49.00841748574436,3.0002421669585777,0.41408718683517476,1.1002860570729718,181.5417976230545,2.5002997663160595,35.109473821662846
seicho,cut,2028,619749.4658012697,0.8453939789642595,722.6512421657927,2.214122080956682,1.8491466941495283,318543.5783941668,49.48940703703698,3.41440840776448,0.4312787917285107,-0.5839020248801419,185.6041544635179,2.8783332728992246,18.644695887768226
seicho,base,2029,622181.1323867391,1.2999852909373555,751.2314865026909,1.9955112427110455,1.601943212227086,316548.2543024805,50.52750255986152,3.099641147480492,0.4185697963205921,1.2821948389765447,179.00956567833634,2.699726797878233,36.17913982062598
seicho,cut,2029,627022.532383152,1.1735494717174166,744.2654673697185,2.168829456308763,1.7963318456637456,321342.9142978089,51.13785824057648,3.3309172653974706,0.4361842392006336,-0.46432925684891435,184.19235788234977,3.106926404920423,19.232888949885144
seicho,base,2030,632139.1499812836,1.6005013775240329,775.4962797369113,1.9999115986502947,1.6038314377190943,326135.69241188874,52.095442443836944,3.1031414666059076,0.42309704241215723,1.4918351349346222,176.1659586315949,2.8996034071417514,37.88158681694952
seicho,cut,2030,636744.2925695111,1.5504642471793062,769.1959385120066,2.1490981624544547,1.771740131970323,331357.49510921666,52.76456755346605,3.1810274596107746,0.4405906539755652,-0.3284797271250372,182.50619432726245,3.418456589206839,20.193656669769684
seicho,base,2031,642250.8971353376,1.5996078006485392,800.4883125483765,1.9985260709859398,1.59755235374881,332124.71437377774,53.65900295546555,3.0013383863938703,0.42725677825430364,1.7030684305606734,173.5779684601394,2.9999520487785047,39.288200606392856
seicho,cut,2031,647421.6858428873,1.6768730239086649,795.8924123547498,2.148991421225377,1.7642416364858526,338504.75405872613,54.43305596940732,3.162137952235833,0.4449605737022344,-0.1381236524099627,180.97727689104755,3.626480712441932,21.037417973886487
seicho,base,2032,651916.1639585438,1.5049051494231636,825.5272913678375,1.9989659305152285,1.598994571885548,336368.0030541636,55.26960816292843,3.001556344234735,0.4314564634782328,1.8315926170275565,171.416285539669,3.1000714028965826,40.57376555471924
seicho,cut,2032,656675.2043156475,1.4292876922577857,821.4570574097515,2.139138669026819,1.7576632146409477,343976.08620661625,56.13660611277177,3.1296242935944907,0.4492755410839311,-0.0333427224770262,180.30580383830363,3.8002535959207453,21.820416658667536
seicho,base,2033,661707.5571506346,1.5019405459493207,851.3146469771441,1.9995337639871824,1.5978049349462564,340776.280907067,56.92768254229652,2.9999749129400177,0.43568831419476706,1.917372001836041,169.5384550136185,3.199986267690222,41.90528414401728
seicho,cut,2033,667103.7767823803,1.5880868347390997,849.157694939807,2.143828539678716,1.7561584289853327,349877.835719283,57.91273751941262,3.163945114659783,0.453762483004414,0.07511044439650452,179.740763101205,3.9805132243900503,22.645298868013555
seicho,base,2034,670971.2991141619,1.399975240333906,877.0669963218584,1.9996376446623776,1.602598326735527,345015.4051880009,58.63325491426413,2.996033380948515,0.43994438792833956,1.953884865300611,168.0943100893395,3.299558763671305,43.25503445523868
seicho,cut,2034,677044.1858704233,1.4900843667814634,877.1749651201977,2.164109978600104,1.7827698412842041,355561.82399644796,59.763983808842625,3.1966133336547076,0.4583483526038076,0.14519024546884624,179.6790128022697,4.116669352110573,23.487200062522646
seicho,base,2035,680361.6575862865,1.3995171603498058,903.5959979074889,2.000739569182075,1.6027920959072572,349508.88013660477,60.39195041505228,2.999484683836484,0.444252124421417,1.9683160004267042,166.84545238891565,3.3009451426596206,44.65772193009789
seicho,cut,2035,687044.8772404592,1.4771105902310788,906.2137987942939,2.1853895813159774,1.8066975249290351,361429.0214834001,61.698296312655124,3.2365856165135654,0.4630634490864907,0.1911488393632414,179.8935710808139,4.1656226933474985,24.363546892613915
koseicho,base,2026,600928.8625342819,1.2968510119447663,691.7501003801814,1.8969597857899645,1.9970146305662073,304515.21029178565,46.15063156722435,3.1977521009066034,0.4061044419562803,-0.1300788648665327,186.59961077763577,2.0990110326304676,33.078550447408645
koseicho,cut,2026,600928.8625342819,1.2968510119447663,691.7501003801814,1.8969597857899645,1.9970146305662073,304515.21029178565,46.15063156722435,3.1977521009066034,0.4061044419562803,-0.1300788648665327,186.59961077763577,2.0990110326304676,33.078550447408645
koseicho,base,2027,607521.5261572946,1.097078878057145,710.5482749978441,2.102479538026003,1.6028175262342792,309660.65084222466,47.6275019611322,3.2001087390463923,0.41047017426926774,0.5449924031621243,184.06443290721398,2.4016618438352824,34.10189857888393
koseicho,cut,2027,614558.0847280727,2.2680258918356344,703.5665696665928,-1.2109382796108403,-0.5474113181627827,315638.6967591671,47.90192598775617,3.7947355454514886,0.42668188585483435,-1.0973220059637132,186.97222040217287,2.454279145905913,18.099501586574704
koseicho,base,2028,614826.0474955307,1.2023477397482107,730.6270148849779,2.0030413415085047,1.6041739032926383,313494.83763197705,49.15169037628695,3.2002274996463465,0.4152877679851094,1.0733837430246855,181.46565147707133,2.700243673147903,35.11894129650842
koseicho,cut,2028,620393.5816557875,0.9495435944507857,723.3849465274769,2.2148665859069494,1.8497369379430584,318563.72141598363,49.633650066410546,3.615144992493624,0.4325271552486173,-0.6092293091043388,185.52515807932033,3.078130799326937,18.649871824569026
koseicho,base,2029,624048.0702763976,1.4999401568024817,753.4584745680024,1.9954855672442262,1.600959560002102,316699.51121033356,50.822673336388,3.3996449507812,0.42100498392894614,1.2508592879312987,178.7086214264599,2.999744574017846,36.20510708019975
koseicho,cut,2029,628936.9179265015,1.37708327799142,746.5226329804963,2.169127298994633,1.7967048655598505,321514.1665952462,51.43686240086849,3.6330439773122114,0.438724562754514,-0.49048518065445956,183.87613480071556,3.406576655374587,19.247514701812506
koseicho,base,2030,635281.1609093212,1.8000361138763354,779.2962580264408,2.0020253519513087,1.600381062226619,326096.0582216508,52.55126637936927,3.401224157454208,0.4267800621059883,1.4545957374249587,175.7008166889302,3.200861013460993,37.89517528710693
koseicho,cut,2030,639968.8029543599,1.7540527059897615,773.0670528197926,2.152241624095863,1.7706316212405815,331342.7307639184,53.22823560718722,3.4826642269853547,0.4444384762766402,-0.35509501883215433,182.01114556823697,3.719605007090678,20.202383984497327
koseicho,base,2031,647348.5021186152,1.8995276346651435,806.8004775720102,2.001078336133899,1.599456551017897,332075.9560800446,54.339192458631885,3.402251177651028,0.4326426729928387,1.668171770008657,172.80885047338677,3.3010627246568873,39.30569306509539
koseicho,cut,2031,652630.0902711176,1.9784225822115031,802.3138827893291,2.152851811509815,1.7697839504881463,338480.2579284722,55.12665757069585,3.566569400343389,0.45058916595318516,-0.15436685669393974,180.1588545136616,3.9282990591494826,21.04877778805504
koseicho,base,2032,659645.4694233434,1.8995899835225094,835.2786428242024,1.9988618320200047,1.5997861806476443,336783.4699715639,56.187316278933835,3.4010881220012834,0.438590415147427,1.8198296039860917,170.22061154001406,3.49867394361459,40.634764568571974
koseicho,cut,2032,664546.7952237502,1.8259508916731226,831.3646167040141,2.1406915754194733,1.7627314049875276,344427.9577564831,57.07433100878293,3.5330882079860126,0.4567316624221944,-0.017808351040494257,179.02964746863012,4.2007819308660785,21.85622630200389
koseicho,base,2033,671518.0345562596,1.7998403207855063,863.9103119917407,2.000864559894344,1.5991756169105642,340933.29845799797,58.09759509072126,3.399839925267334,0.4446058267709205,1.8938042341154167,168.1428319873345,3.6006479626610357,41.94355962045668
koseicho,cut,2033,677049.019243483,1.8813158244971095,861.927677957138,2.1460840049555285,1.761791659580858,350062.78709598107,59.10845301119996,3.5639874641789637,0.4630716157389939,0.1004194048452352,178.24676879950135,4.384106462742761,22.669588020750865
koseicho,base,2034,683605.1774229379,1.7999729336629855,893.5439895121681,2.0018640204727767,1.6013824741368587,345222.9524172523,60.12911124959467,3.4967302100906705,0.451121651011285,1.9227256375504598,166.3660907778106,3.600673205141047,43.30350238409394
koseicho,cut,2034,689748.8986183215,1.8757695549177722,893.7595992318287,2.164529353467737,1.7838771648886143,355775.0354711112,61.28913603191724,3.689291310506926,0.4699827617848062,0.1948933674641148,177.82894947531355,4.420931847238957,23.516424692825286
koseicho,base,2035,695909.1596403115,1.7998667394178103,924.183486568937,1.9995211152524561,1.600315573215183,350016.0867041568,62.23366341420133,3.5000553323841777,0.45775818681096303,1.9205208258913382,164.83827529012055,3.69862047441479,44.73529810486495
koseicho,cut,2035,702572.4088577952,1.8591563198087302,926.7915302855452,2.1785075873541615,1.8031608049478232,361923.0046207636,63.5689597099077,3.7197843298088173,0.4770720559739413,0.2638438031356085,177.7345920332839,4.563982029009608,24.407476124993114
