case,scen,year,rgdp,rgdp_g,ngdp,cpi_g,pgdp_g,cp,w,w_g,rw,pb,debt,rgb,tciv,ydv,gift,pop
kako,base,2026,601064.457679894,1.3034225280519118,691.971467449293,1.9010466167408646,2.003761146630234,304681.60230970423,46.15487502930024,3.1990796959540546,0.4061231153680948,-0.12935932297037334,186.60155198703674,2.099595784094369,33.04740181025512,355.03558435840523,0.0,12259.306210537712
kako,gift,2026,601064.457679894,1.3034225280519118,691.971467449293,1.9010466167408646,2.003761146630234,304681.60230970423,46.15487502930024,3.1990796959540546,0.4061231153680948,-0.12935932297037334,186.60155198703674,2.099595784094369,33.04740181025512,355.03558435840523,0.0,12259.306210537712
kako,base,2027,604662.804554885,0.5986623945259728,703.7798242903386,1.3991487711613404,1.1012252934801126,306616.2744016077,46.89337350973723,1.6000443722752333,0.40692774093326844,0.49982335389037036,185.32314707624369,2.100760082705252,33.43548544179709,360.8370034261154,0.0,12196.065506546522
kako,gift,2027,612475.50163497,1.8984725863050445,714.5096373206967,1.5885831611808898,1.3333101464730213,313666.39458661905,47.19365769209398,2.250645597316181,0.4087698582477042,-1.2979259699784422,184.50343887629765,2.1595431800779963,34.21813170783238,379.17367316492135,15.40353900795476,12196.065506546522
kako,base,2028,607678.0242293989,0.4986613451001931,712.2521651039763,1.1008819072557907,0.7016736800129264,307295.822886758,47.596792422423036,1.5000390461132884,0.4085343353538955,0.9286160310345679,184.96608871903868,2.001032855216869,33.830982774591334,367.39108247810736,0.0,12133.15103526156
kako,gift,2028,614302.092139211,0.2982307862706479,723.7889577543737,1.3532957711466898,0.9974921143586002,313887.614387866,48.13547838105855,1.9956509730805427,0.4113605529344567,-0.8809454834240336,186.02952476492243,2.1852107197286714,34.6664157278592,387.2573246215615,15.58321574281294,12133.15103526156
kako,base,2029,610715.1911207649,0.49979870429204265,720.8454839964717,1.1013093996227408,0.7031862912229903,306504.97613439045,48.26338978668946,1.4005090056286695,0.4097433534457842,0.9647127885787845,184.84545692448359,1.9993839658655514,34.201361040189475,373.65691483148385,0.0,12070.561113782822
kako,gift,2029,615653.4352269692,0.21998021902420728,732.1921052745954,1.292648471436264,0.9389484387485325,312631.2560010172,48.91372868831368,1.6167914673958617,0.41267693318573795,-0.9382667168206464,188.19276226553737,2.499746649161885,35.073160303327704,394.7987773578202,15.753380710702338,12070.561113782822
kako,base,2030,613769.5519487234,0.5001285169201619,729.5405505133721,1.0994461612397144,0.7025893032262864,310443.0355458719,48.89202172735341,1.3025026701239284,0.41056631596485205,1.0159056743505637,184.89009370516897,1.9988307541705277,35.00017683904548,379.42316882687527,0.0,12008.294067891775
kako,gift,2030,617552.0715996486,0.3083936942509524,740.968798916738,1.244087321837184,0.8875564190045759,316568.1988788366,49.5400341196048,1.2804287223369126,0.41282506289980436,-0.978240846773119,190.63796722978896,2.6375224827716663,35.95074789642851,401.9137381643034,16.119212504617142,12008.294067891775
kako,base,2031,616836.6418943852,0.4997136035705507,738.3486679377353,1.1010907383705248,0.7041191315267703,311389.7969990453,49.478690874022675,1.1999281803907191,0.4109676897201029,1.063141185738596,185.06360844332016,1.9011044781196769,35.54488115808898,384.0997699887321,0.0,11937.956355534307
kako,gift,2031,620361.0818028274,0.45486208084488666,750.7847739721404,1.2270045111001826,0.8659478220468975,318298.0686715807,50.1442071401773,1.2195652088447195,0.41279472385701266,-0.9560528063749407,193.1318824847243,2.6348189384783898,36.640083266771136,408.2171240589803,16.36894798363014,11937.956355534307
kako,base,2032,619922.1444917556,0.5002138958370539,747.2584106549897,1.1024397682736442,0.7029817917298287,311047.3329782067,50.073485281495586,1.2021223621039523,0.4113728859288753,1.0537123087190947,185.4030090552581,1.8990474011983187,35.99500384612115,388.8766189063252,0.0,11868.030641230145
kako,gift,2032,623353.0805530937,0.48229955715004547,760.911984222206,1.2273336896957865,0.8624242498905366,319181.1237389842,50.78127292069337,1.2704673517624165,0.412970618523727,-0.9590662636539278,195.88627946470288,2.6819169410062864,37.27503530337714,414.6774144483651,16.5757817149166,11868.030641230145
kako,base,2033,623018.9598478891,0.4995490778398448,756.2633711560187,1.1035437664426384,0.7020104984657216,310429.17315284966,50.674310657363115,1.1998872706581176,0.41176489103466246,1.0359142294063401,185.86892316340612,1.8012733653382575,36.428116589192925,393.6813628397105,0.0,11798.514511730586
kako,gift,2033,626915.583245706,0.5715063908004359,771.9781512816498,1.245248930498577,0.8778063378539036,319995.9806131037,51.46054296163993,1.3376388614901424,0.4133474690658512,-0.9355241964697517,198.67931730314683,2.623506268093874,37.92058629101336,421.4261032015071,16.774889899668,11798.514511730586
kako,base,2034,625512.5660710656,0.4002456400019172,764.6182451789177,1.102109040918875,0.7017030215113573,309829.2314486718,51.28333814534843,1.201846616332447,0.4121710985041388,1.0027740177781568,186.64140691436802,1.798601097307839,36.86945022071191,398.17424700525555,0.0,11729.405567922266
kako,gift,2034,630209.838922491,0.5254703766860658,783.1202472002363,1.2773949404421003,0.9130493408824325,320670.3408614287,52.190015459678726,1.4175375074891194,0.4139194385110698,-0.9106073785395725,201.7189918352241,2.64929085267083,38.57507315102138,428.1184985551853,16.977716394476438,11729.405567922266
kako,base,2035,628010.6321812499,0.39936305770402747,773.0633084118333,1.1033361170170286,0.702313161953505,309422.58276027057,51.89852496234093,1.1995841909684613,0.4125634760051498,0.9367523244233407,187.50802541704513,1.7015743483411079,37.335884609059676,402.4771490553814,0.0,11660.70142474456
kako,gift,2035,633211.7612775543,0.4763369547190699,794.3307302694917,1.3095002122900823,0.9506496554907651,321317.2193009201,52.950475415404455,1.4570985446694218,0.41452247987180707,-0.9331669859138443,204.97935884949823,2.5892211377081793,39.25027423621559,434.7024731060796,17.1919844025625,11660.70142474456
seicho,base,2026,600922.4958927978,1.2965801211240802,691.766969968649,1.8968178792159396,2.0006338304406235,303115.2034324154,46.15016804975441,3.1973504341102466,0.4061013443068113,-0.1307999006015374,186.59846250416493,2.098709656460315,32.93219558922802,357.5085387926739,0.0,12259.306210537712
seicho,gift,2026,600922.4958927978,1.2965801211240802,691.766969968649,1.8968178792159396,2.0006338304406235,303115.2034324154,46.15016804975441,3.1973504341102466,0.4061013443068113,-0.1307999006015374,186.59846250416493,2.098709656460315,32.93219558922802,357.5085387926739,0.0,12259.306210537712
seicho,base,2027,607515.3078921378,1.0971151927912093,710.5664904337856,2.1011565297702983,1.6029079207496855,307818.1340142812,47.580871636323074,3.100104825244032,0.41007460239195936,0.5996793860408275,183.52091764720788,2.30160425014948,33.88464045862407,367.5120132428732,0.0,12196.065506546522
seicho,gift,2027,615337.6388330185,2.398835630009799,721.3781856335953,2.291360780554652,1.8376021808621301,314869.5806137103,47.88482068160492,3.758713576038075,0.4119268014937241,-1.206143457076316,182.74382185555683,2.3603255196836863,34.67228957089271,386.0973980523932,15.610506303904247,12196.065506546522
seicho,base,2028,614197.576368362,1.0999341727551348,729.9050539409483,2.0016922957735606,1.603992831568335,310828.5529330911,49.008436612941736,3.0002917717229627,0.41408924444183187,1.150633377174542,180.53054195274328,2.5003184616648055,34.80426228897795,379.4082300532813,0.0,12133.15103526156
seicho,gift,2028,620909.4347528254,0.905485958956409,741.7685647567322,2.256376721738329,1.9038614422070887,317498.56231488596,49.56301763096517,3.504653302387606,0.4169553248556033,-0.6658617465998106,181.65205150003845,2.687093954623469,35.66054034688463,399.9032410025224,16.030796166040567,12133.15103526156
seicho,base,2029,622182.0550033557,1.299985369887735,751.243782333431,1.9955111600431286,1.6026738217857384,313205.5885004351,50.52753499078964,3.099667083537927,0.4185719818378777,1.341727057054138,177.51963173362492,2.699730580798973,35.796143014231205,392.21071711259214,0.0,12070.561113782822
seicho,gift,2029,627285.9425863079,1.0269626255592135,763.1994589843522,2.1902846968298473,1.8432695137792665,319500.4560422667,51.211153227952835,3.3253334356259323,0.4215865343391243,-0.5646514087734029,180.90647028261628,3.2026128716832734,36.70872419874137,414.4772723977821,16.48627702254317,12070.561113782822
seicho,base,2030,632132.7581244331,1.599323387914775,775.4787147424107,1.9996403091435688,1.6010451636925938,322020.8129709475,52.09398288711689,3.1001866538963085,0.4230882513387447,1.5575892715006239,174.24475232417262,2.8997951422997996,37.415336181260386,405.6523916548377,0.0,12008.294067891775
seicho,gift,2030,636210.5674037447,1.4227363011899197,787.9327334614377,2.150408757967437,1.7924965261718162,328459.9593713946,52.79464469729601,3.0920832075284066,0.42547293354685284,-0.4345646875999484,179.96277991107675,3.54555045663348,38.4381076721582,429.9469621070397,17.22831892666396,12008.294067891775
seicho,base,2031,642244.6460382773,1.5996462426415947,800.5073152551939,1.9993945647171163,1.6022270161605956,327580.6014341257,53.65662637045507,2.9996621427935244,0.42723730989232933,1.7824811120942938,171.23780888354045,3.001187871118849,38.77740376897469,418.63754512665093,0.0,11937.956355534307
seicho,gift,2031,646199.3295045765,1.5700402685221215,814.4933925842448,2.134786258130439,1.773051878573173,334965.24014456547,54.39914687525605,3.0391381306941856,0.42924028116929586,-0.22698681630304665,179.18926779187524,3.7490962179495773,39.98500311082343,445.34486560393157,17.853023893971,11937.956355534307
seicho,base,2032,651904.8134026979,1.5041257913179784,825.5688958146912,2.0026269312076517,1.602483094523799,331310.5580466953,55.2687073928219,3.004439770843459,0.43143339616479626,1.9233880391969955,168.68581373497062,3.100073452138699,40.01544834710383,432.09210999809875,0.0,11868.030641230145
seicho,gift,2032,655881.2973695946,1.498294322348026,841.3588510948152,2.1398245639627778,1.7735581492626107,340111.2741073042,56.08328371109215,3.0958883228408673,0.4332581172917733,-0.0699709835994053,178.9536854664769,3.9081137825301173,41.45811494198895,461.36496841149045,18.421463224703388,11868.030641230145
seicho,base,2033,661670.1592925163,1.497971128460751,851.342059418661,2.002347684714767,1.5999294727482738,335115.9176583186,56.92688440522862,3.0002095048491606,0.4356539942562682,2.021515268043507,166.4488855768351,3.1995291261325,41.293118443980205,445.9140057807069,0.0,11798.514511730586
seicho,gift,2033,666285.5296050499,1.586298050757251,870.0048311022941,2.159624614970612,1.7900346202554873,345612.65092501516,57.858607425895116,3.16551313925979,0.43752408214708133,0.08057221610667782,178.93937148128532,4.059899685082884,43.01458189275365,478.19376854911894,19.00811286421782,11798.514511730586
seicho,base,2034,670933.0853705585,1.3999310605070203,877.0831584289373,2.0021522521252555,1.6012432991360015,338711.4908218583,58.63388672293896,2.9985872853311335,0.43990979565504684,2.073703204106236,164.66401571288043,3.2995270327006647,42.58672172524012,459.67770451164387,0.0,11729.405567922266
seicho,gift,2034,676538.2723497022,1.5387911472022786,899.5573469094916,2.1962425629273197,1.8298729644962153,350772.48793148145,59.7363950239673,3.2454766569991245,0.44201607884337396,0.20528868138091155,179.32633482047126,4.202425109151841,44.59905770755678,495.3994144319588,19.60219521663775,11729.405567922266
seicho,base,2035,680323.075224559,1.399541930297632,903.5962525401059,2.0032955475387304,1.6009236620882827,342640.49489698606,60.392749261442496,2.999737245485079,0.44420715155293994,2.1021522277675557,163.09387305827906,3.300950758564141,43.942866386594126,473.52887990577136,0.0,11660.70142474456
seicho,gift,2035,686614.8855277377,1.4894372705683168,930.0205833745357,2.2311848729603234,1.869191930104086,356073.2275845236,61.70259338650129,3.291458016080684,0.44660037254795526,0.2946800977840472,180.04391049607887,4.25649074573319,46.253811499799575,512.9486287713688,20.22483743017291,11660.70142474456
koseicho,base,2026,600931.1858372854,1.2971272316675941,691.7541451595936,1.8969689210750706,1.997223719666108,303142.8567490835,46.15068251166052,3.1978697334839046,0.4061047827173773,-0.13009828865613912,186.59964468443366,2.0990008152558564,32.93557531099759,357.49333494538325,0.0,12259.306210537712
koseicho,gift,2026,600931.1858372854,1.2971272316675941,691.7541451595936,1.8969689210750706,1.997223719666108,303142.8567490835,46.15068251166052,3.1978697334839046,0.4061047827173773,-0.13009828865613912,186.59964468443366,2.0990008152558564,32.93557531099759,357.49333494538325,0.0,12259.306210537712
koseicho,base,2027,607524.158830297,1.0971261183300829,710.5541365563203,2.1024796307419935,1.603014115981205,307776.81873577915,47.62755819308316,3.2001166636040246,0.41047054984022374,0.5838423791150442,183.5545548998168,2.401714670401849,33.885156029777605,367.72491794136465,0.0,12196.065506546522
koseicho,gift,2027,615345.2535971421,2.3986220218831455,721.3616395660804,2.29246726715,1.8373667744124411,314827.44118798606,47.93145058057149,3.858595305629642,0.4123223674894148,-1.221814685958159,182.77938367373952,2.4603683687650006,34.67263823379662,386.31873934148814,15.610796343365532,12196.065506546522
koseicho,base,2028,614824.4558613597,1.201647197885669,730.6286623669021,2.0024795867879863,1.6042681704717232,311095.47596536775,49.151750354973224,3.2002315880040655,0.41529045151813426,1.1257146391115334,180.45492811130939,2.7002668573060173,34.83621108424323,380.2257929653366,0.0,12133.15103526156
koseicho,gift,2028,621542.27376765,1.007080193481924,742.4970359148383,2.2567259385439353,1.9036789624952588,317771.98398998217,49.70705519726904,3.704466681459606,0.41815998731491777,-0.6901119916694046,181.58337517545522,2.886843953132698,35.693067365512675,400.76095511399217,16.045569753076926,12133.15103526156
koseicho,base,2029,624046.4630868791,1.499941509743552,753.4658592251353,1.9954883415565838,1.6017248976710308,313887.39315584203,50.8227481822405,3.3996710497578464,0.42100779922031956,1.3139746744664622,177.21799664319798,2.999748747988755,35.86993532003146,394.05798585117657,0.0,12070.561113782822
koseicho,gift,2029,629180.2569712922,1.2288758988736825,765.4666480717208,2.1899657900820824,1.8420503961956713,320200.98752007465,51.5093628111604,3.625858757350775,0.4240356423299323,-0.588808863913876,180.61237606268264,3.502302885388731,36.78484770916821,416.4362233224914,16.52037272684578,12070.561113782822
koseicho,base,2030,635279.4546584177,1.8000248757078063,779.325478055524,2.0019325617155026,1.6032060117763036,322702.3764821248,52.551316138532314,3.40116978738243,0.4267830798465837,1.5274393705605513,173.7637789978618,3.2008528810975654,37.49388440624674,408.6677035220198,0.0,12008.294067891775
koseicho,gift,2030,639394.733450707,1.6234578828942636,791.8543096777091,2.152559893080208,1.7946710950355271,329156.1481264373,53.25728944021658,3.393415359192642,0.42918643781819327,-0.455742285811498,179.4910156824517,3.846078016862921,38.519367802724624,433.14357664200634,17.264859906216937,12008.294067891775
koseicho,base,2031,647357.252433884,1.9011787154300963,806.8671721245419,2.001397058354648,1.6023993680589266,328444.17215732293,54.33843031855648,3.400702991554194,0.4326379025553045,1.7583163315866854,170.44925392070667,3.3000090234653134,38.87936427197702,423.2540829746671,0.0,11937.956355534307
koseicho,gift,2031,651348.4976416737,1.8695437365356726,820.9610054961033,2.136253066786198,1.7730719299411835,335837.03467698046,55.08903053990119,3.439418563989838,0.4346624655834441,-0.23485894994852502,178.40726632764677,4.047571468439916,40.09012402222151,450.2299327033889,17.900629554169406,11937.956355534307
koseicho,base,2032,659641.6161874374,1.8976173831941612,835.3529600813561,2.001539838901034,1.6023938183078013,332729.0120518266,56.18723957496043,3.402397245495292,0.4385796168777079,1.9253942767740755,167.4706558802224,3.4999908393215864,40.17058188688403,438.55803688754247,0.0,11868.030641230145
koseicho,gift,2032,663668.7841208656,1.891504551526535,851.320404657931,2.137847198127041,1.7729910558186734,341548.946165999,57.01324790072128,3.492922895832007,0.4404291873224886,-0.042701266417097025,177.72975825833754,4.307525117992762,41.61890031648141,468.2282225227753,18.49367751182495,11868.030641230145
koseicho,base,2033,671514.3200228913,1.7998718613411846,864.0170900265053,2.001070875398736,1.6026617473415827,336242.59948616364,58.09763136539554,3.4000456418337155,0.4445948656571462,2.0146842059484356,165.0190580893729,3.6005091447197524,41.42163349907609,454.3214320387178,0.0,11798.514511730586
koseicho,gift,2033,676123.9471862027,1.876713710715805,882.8291003238263,2.1553695679284113,1.7908334062883835,346725.8184066388,59.04187507222234,3.5581680507547286,0.44647716500962903,0.12201556160573493,177.5042760191184,4.459355348463053,43.14576253719855,487.08519215421626,19.068588399932672,11798.514511730586
koseicho,base,2034,683601.7726671628,1.8000290215492987,893.6662104977146,2.001869659928679,1.6026658179407738,339721.84684686654,60.13022209781603,3.4985776264041535,0.4511185566394944,2.056841046919785,162.8956406120487,3.6007098322238633,42.70792309675165,470.4447385583504,0.0,11729.405567922266
koseicho,gift,2034,689075.9329415071,1.9156229873540376,916.162336915452,2.1881332062262837,1.8251433988116794,351715.41521979135,61.24192722267947,3.726257250071985,0.4531974880156621,0.2709073179142071,177.55175251210005,4.499577416400694,44.71692000867456,506.6989887197447,19.659890233234847,11729.405567922266
koseicho,base,2035,695899.6658949751,1.7989849821234971,924.2952545348231,1.9993192111194436,1.5995859289543946,343865.69954501395,62.234787652433965,3.500012940571473,0.45775576553877245,2.0681573304085807,161.0470650727501,3.698712782996493,44.08266763296992,486.73067822984495,0.0,11660.70142474456
koseicho,gift,2035,701935.9726114738,1.866273229870341,950.5818107728829,2.213887282831428,1.8560072705205544,357186.72457589896,63.54597253417698,3.76220249098278,0.4600624315340416,0.38619088070473806,177.97329758160666,4.643513453227044,46.3835353524909,526.7179967383048,20.291519765473932,11660.70142474456
