case,var,period,model,published
1,M_GDP,1,0.997130184257622,1.08
1,M_CP,1,0.1861322331461412,0.23
1,M_IFP,1,-0.009338188891339,0.22
1,M_IHP,1,0.3458793736788479,0.51
1,M_G,1,3.935123392215778,4.28
1,M_XGS,1,-0.0220759477234322,-0.01
1,M_MGS,1,0.4417278578461303,0.45
1,M_FXS,1,-0.1189946904271432,0.01
1,M_GDPP,1,-7.628235189072186e-05,0.0
1,M_PGDP,1,0.2148949739665617,0.19
1,M_CPIG,1,0.1405011335636308,0.15
1,M_LE,1,0.061027164056937,0.07
1,M_GDPV,1,1.2141679408740558,1.27
1,M_NIV,1,1.4207803497723992,1.63
1,M_YDV,1,0.6066871508305649,0.71
1,M_W,1,0.4862473719260629,0.53
1,M_GAP,1,0.9972072273026956,1.07
1,M_RCO,1,0.2462025319638592,0.08
1,M_RGB,1,0.2396889977782235,0.08
1,M_UR,1,-0.0591564415834442,-0.07
1,M_BCVAGDPV,1,-0.1787711863970225,-0.14
1,TAXAGDP,1,0.0992380501178082,0.06
1,M_BGVAGDPV,1,-0.6455166766263578,-0.7
1,M_PBGAGDPV,1,-0.6856724409676107,-0.74
1,Z_DEBTAGDP,1,-1.5904533303502433,-1.89
1,M_GDP,2,-0.133500119286023,-0.1
1,M_CP,2,-0.0575074077867387,-0.06
1,M_IFP,2,-0.0315809800824018,0.13
1,M_IHP,2,0.0182359623782879,0.09
1,M_G,2,0.0017324223624548,0.0
1,M_XGS,2,-0.0180101741469873,0.0
1,M_MGS,2,0.4059903546235865,0.45
1,M_FXS,2,0.0417128720399562,0.1
1,M_GDPP,2,-0.0004014654510386,0.01
1,M_PGDP,2,0.2369131228009635,0.26
1,M_CPIG,2,0.1963287582786632,0.22
1,M_LE,2,-0.0094478937922581,-0.01
1,M_GDPV,2,0.1030967242134028,0.16
1,M_NIV,2,-0.0067422346799128,0.08
1,M_YDV,2,0.3100175302878316,0.34
1,M_W,2,0.3829377932371924,0.44
1,M_GAP,2,-0.1330991881822461,-0.1
1,M_RCO,2,0.1385456028194051,0.12
1,M_RGB,2,0.042836934680684,0.0
1,M_UR,2,0.009158278706995,0.01
1,M_BCVAGDPV,2,-0.1291328419667321,-0.1
1,TAXAGDP,2,-0.0337604579643375,0.05
1,M_BGVAGDPV,2,-0.076740507507544,0.03
1,M_PBGAGDPV,2,-0.0596913123463049,0.04
1,Z_DEBTAGDP,2,0.6113503252811654,0.12
1,M_GDP,3,-0.1983316800935219,-0.2
1,M_CP,3,-0.0753139445989869,-0.09
1,M_IFP,3,-0.3463338163231411,-0.24
1,M_IHP,3,-0.0604751710975293,-0.09
1,M_G,3,0.0013800451905243,0.0
1,M_XGS,3,-0.0364232414958864,-0.05
1,M_MGS,3,0.3601062466062954,0.43
1,M_FXS,3,-0.1456170022437697,-0.27
1,M_GDPP,3,-0.0035171433527714,0.01
1,M_PGDP,3,0.196580720467554,0.22
1,M_CPIG,3,0.1553540741192849,0.17
1,M_LE,3,-0.0140960820183888,-0.02
1,M_GDPV,3,-0.0021408414716206,0.01
1,M_NIV,3,-0.1563086001968194,-0.14
1,M_YDV,3,0.2149011514593679,0.22
1,M_W,3,0.1831758612523604,0.22
1,M_GAP,3,-0.1948213888882876,-0.21
1,M_RCO,3,0.0767564202736124,0.13
1,M_RGB,3,0.2032127490847344,0.25
1,M_UR,3,0.0136639816889228,0.02
1,M_BCVAGDPV,3,-0.1313136585591445,-0.12
1,TAXAGDP,3,-0.0568541673267937,-0.04
1,M_BGVAGDPV,3,-0.154673607842956,-0.11
1,M_PBGAGDPV,3,-0.1003979228671076,-0.07
1,Z_DEBTAGDP,3,0.9471944038895116,0.45
1,M_GDP,4,-0.1758521611624264,-0.21
1,M_CP,4,-0.0509237293864539,-0.07
1,M_IFP,4,-0.3514071352368253,-0.35
1,M_IHP,4,-0.0760066699827533,-0.15
1,M_G,4,0.0010822423728518,0.0
1,M_XGS,4,-0.0369506125459606,-0.06
1,M_MGS,4,0.3104661098575434,0.36
1,M_FXS,4,-0.0729056476952427,-0.18
1,M_GDPP,4,-0.0091327792225315,0.0
1,M_PGDP,4,0.1547251224582435,0.17
1,M_CPIG,4,0.1187776381035732,0.13
1,M_LE,4,-0.0127129924299751,-0.02
1,M_GDPV,4,-0.0213991261758805,-0.04
1,M_NIV,4,-0.1874647133560558,-0.23
1,M_YDV,4,0.1462217868223758,0.13
1,M_W,4,-0.0123241984279931,0.0
1,M_GAP,4,-0.166734609443659,-0.21
1,M_RCO,4,0.0713044943898586,0.15
1,M_RGB,4,0.0887925197658248,0.17
1,M_UR,4,0.0123232892392368,0.02
1,M_BCVAGDPV,4,-0.143116868723351,-0.14
1,TAXAGDP,4,-0.0616003899615478,-0.04
1,M_BGVAGDPV,4,-0.2004242916934424,-0.16
1,M_PBGAGDPV,4,-0.099960962852577,-0.08
1,Z_DEBTAGDP,4,1.1396498916674318,0.63
1,M_GDP,5,-0.1104470210639307,-0.14
1,M_CP,5,0.0158700531509348,0.02
1,M_IFP,5,-0.2646171222110083,-0.32
1,M_IHP,5,0.0218686035409865,-0.03
1,M_G,5,0.0008718735250878,0.0
1,M_XGS,5,-0.0230300612516387,-0.04
1,M_MGS,5,0.2811406290312179,0.31
1,M_FXS,5,-0.0320978188044662,-0.09
1,M_GDPP,5,-0.0162404965671436,0.0
1,M_PGDP,5,0.124286597328882,0.13
1,M_CPIG,5,0.0940264806442492,0.1
1,M_LE,5,-0.0081990318718472,-0.01
1,M_GDPV,5,0.0137023054206153,-0.01
1,M_NIV,5,-0.1164482814943634,-0.17
1,M_YDV,5,0.1641517992090113,0.16
1,M_W,5,-0.0201987173317097,-0.03
1,M_GAP,5,-0.0942218265892951,-0.14
1,M_RCO,5,0.0168642470385173,0.07
1,M_RGB,5,0.027501313241645,0.08
1,M_UR,5,0.0079476993177221,0.01
1,M_BCVAGDPV,5,-0.1331753394997603,-0.13
1,TAXAGDP,5,-0.0567008399910058,-0.04
1,M_BGVAGDPV,5,-0.1854738626069707,-0.16
1,M_PBGAGDPV,5,-0.0794238181689606,-0.05
1,Z_DEBTAGDP,5,1.2127291171589718,0.67
2,M_GDP,1,0.997130184257622,1.08
2,M_CP,1,0.1861322331461412,0.23
2,M_IFP,1,-0.009338188891339,0.22
2,M_IHP,1,0.3458793736788479,0.51
2,M_G,1,3.935123392215778,4.28
2,M_XGS,1,-0.0220759477234322,-0.01
2,M_MGS,1,0.4417278578461303,0.45
2,M_FXS,1,-0.1189946904271432,0.01
2,M_GDPP,1,-7.628235189072186e-05,0.0
2,M_PGDP,1,0.2148949739665617,0.19
2,M_CPIG,1,0.1405011335636308,0.15
2,M_LE,1,0.061027164056937,0.07
2,M_GDPV,1,1.2141679408740558,1.27
2,M_NIV,1,1.4207803497723992,1.63
2,M_YDV,1,0.6066871508305649,0.71
2,M_W,1,0.4862473719260629,0.53
2,M_GAP,1,0.9972072273026956,1.07
2,M_RCO,1,0.2462025319638592,0.08
2,M_RGB,1,0.2396889977782235,0.08
2,M_UR,1,-0.0591564415834442,-0.07
2,M_BCVAGDPV,1,-0.1787711863970225,-0.14
2,TAXAGDP,1,0.0992380501178082,0.06
2,M_BGVAGDPV,1,-0.6455166766263578,-0.7
2,M_PBGAGDPV,1,-0.6856724409676107,-0.74
2,Z_DEBTAGDP,1,-1.5904533303502433,-1.89
2,M_GDP,2,0.8620904759334636,0.96
2,M_CP,2,0.127702021737841,0.16
2,M_IFP,2,-0.0548946833432428,0.35
2,M_IHP,2,0.3640811090137141,0.57
2,M_G,2,3.936848350533473,4.34
2,M_XGS,2,-0.0400457975676449,-0.01
2,M_MGS,2,0.8477779419499232,0.94
2,M_FXS,2,-0.0771250459866257,0.11
2,M_GDPP,2,-0.0005919132300746,0.01
2,M_PGDP,2,0.4503385489693867,0.45
2,M_CPIG,2,0.3369057400116615,0.37
2,M_LE,2,0.0517155925132906,0.06
2,M_GDPV,2,1.3163113506429625,1.42
2,M_NIV,2,1.4124596173965551,1.69
2,M_YDV,2,0.9176586702156042,1.04
2,M_W,2,0.870251004323519,0.96
2,M_GAP,2,0.8626874955249612,0.96
2,M_RCO,2,0.3844239319867535,0.19
2,M_RGB,2,0.2822103067715809,0.07
2,M_UR,2,-0.0501303063110007,-0.06
2,M_BCVAGDPV,2,-0.3062170421771268,-0.27
2,TAXAGDP,2,0.0819237349735644,0.11
2,M_BGVAGDPV,2,-0.7068050086423638,-0.67
2,M_PBGAGDPV,2,-0.7301393378836507,-0.71
2,Z_DEBTAGDP,2,-0.9967566273938644,-1.7
2,M_GDP,3,0.6572570206697659,0.75
2,M_CP,3,0.0488648266987246,0.05
2,M_IFP,3,-0.4389674201923044,0.1
2,M_IHP,3,0.3029970703058104,0.46
2,M_G,3,3.938208828823764,4.37
2,M_XGS,3,-0.0761138458513999,-0.06
2,M_MGS,3,1.2056035914953744,1.42
2,M_FXS,3,-0.220629210627743,-0.16
2,M_GDPP,3,-0.0046321490455469,0.01
2,M_PGDP,3,0.6446740426726771,0.66
2,M_CPIG,3,0.4916589845294972,0.54
2,M_LE,3,0.0375353661129507,0.04
2,M_GDPV,3,1.3061682287483611,1.42
2,M_NIV,3,1.246142978886855,1.53
2,M_YDV,3,1.130293420631734,1.24
2,M_W,3,1.0509612049238948,1.18
2,M_GAP,3,0.6619198308284416,0.74
2,M_RCO,3,0.4594234941410225,0.32
2,M_RGB,3,0.4819143579860905,0.32
2,M_UR,3,-0.0363847595916562,-0.04
2,M_BCVAGDPV,3,-0.4347928882329199,-0.4
2,TAXAGDP,3,0.0627809858623535,0.07
2,M_BGVAGDPV,3,-0.8265016795634708,-0.77
2,M_PBGAGDPV,3,-0.7956309877457781,-0.78
2,Z_DEBTAGDP,3,-0.0936226019259152,-1.17
2,M_GDP,4,0.4699773277607733,0.54
2,M_CP,4,-0.0086148803388419,-0.02
2,M_IFP,4,-0.8530290225143622,-0.26
2,M_IHP,4,0.224779149599974,0.3
2,M_G,4,3.9392540991023184,4.4
2,M_XGS,4,-0.112389323444817,-0.12
2,M_MGS,4,1.5088852748433412,1.82
2,M_FXS,4,-0.2909424981829778,-0.34
2,M_GDPP,4,-0.0151609051479928,0.02
2,M_PGDP,4,0.7950134421290223,0.82
2,M_CPIG,4,0.6080374851209491,0.67
2,M_LE,4,0.0243915888532342,0.03
2,M_GDPV,4,1.2687271528204702,1.37
2,M_NIV,4,1.0408905187698323,1.29
2,M_YDV,4,1.2686114297198126,1.36
2,M_W,4,1.0290427377134923,1.16
2,M_GAP,4,0.4852117954088382,0.53
2,M_RCO,4,0.5268922321528748,0.47
2,M_RGB,4,0.5654917916642244,0.49
2,M_UR,4,-0.0236438907716145,-0.03
2,M_BCVAGDPV,4,-0.5729962009431322,-0.54
2,TAXAGDP,4,0.0523535205893637,0.03
2,M_BGVAGDPV,4,-0.9800678109434652,-0.92
2,M_PBGAGDPV,4,-0.8485198300661101,-0.86
2,Z_DEBTAGDP,4,0.9701313343694552,-0.48
2,M_GDP,5,0.345240488581866,0.41
2,M_CP,5,-0.0012127312930432,0.0
2,M_IFP,5,-1.198058928961021,-0.58
2,M_IHP,5,0.2433254268250584,0.27
2,M_G,5,3.940068839003974,4.42
2,M_XGS,5,-0.1343145633066256,-0.16
2,M_MGS,5,1.7768104173286448,2.15
2,M_FXS,5,-0.3190972015720827,-0.43
2,M_GDPP,5,-0.0342266099904065,0.01
2,M_PGDP,5,0.9120697707612592,0.94
2,M_CPIG,5,0.6973126369724358,0.76
2,M_LE,5,0.0155732401489361,0.02
2,M_GDPV,5,1.2604590934758964,1.36
2,M_NIV,5,0.9033698801603318,1.11
2,M_YDV,5,1.419846388352508,1.51
2,M_W,5,0.9933354282615658,1.13
2,M_GAP,5,0.3795970217644593,0.4
2,M_RCO,5,0.5378258439182367,0.54
2,M_RGB,5,0.5851890930232944,0.57
2,M_UR,5,-0.0150958591206951,-0.02
2,M_BCVAGDPV,5,-0.6984868411609519,-0.68
2,TAXAGDP,5,0.047278113288474,0.0
2,M_BGVAGDPV,5,-1.1189610693052532,-1.07
2,M_PBGAGDPV,5,-0.8808159543436287,-0.91
2,Z_DEBTAGDP,5,2.073770549278436,0.26
3,M_GDP,1,-0.2012818106697067,-0.24
3,M_CP,1,-0.0983475244105025,-0.12
3,M_IFP,1,-0.8979342749238284,-0.9
3,M_IHP,1,-0.0734977698037653,-0.11
3,M_G,1,-0.0002277384047122,0.0
3,M_XGS,1,0.004340945510517,0.0
3,M_MGS,1,-0.085693972760692,-0.1
3,M_FXS,1,0.0235114977844785,0.0
3,M_GDPP,1,-0.0073355328875757,-0.01
3,M_PGDP,1,-0.0303305382282181,-0.04
3,M_CPIG,1,-0.0272986226740434,-0.03
3,M_LE,1,-0.0120399285001515,-0.02
3,M_GDPV,1,-0.2315512990413881,-0.28
3,M_NIV,1,-0.2924217513832094,-0.37
3,M_YDV,1,-0.1241392893076454,-0.15
3,M_W,1,-0.1016541705546547,-0.12
3,M_GAP,1,-0.1939605058188191,-0.23
3,M_RCO,1,-0.0483998686933436,-0.02
3,M_RGB,1,-0.0471194017671925,-0.02
3,M_UR,1,0.0116708573663388,0.01
3,M_BCVAGDPV,1,0.0350653573481576,0.03
3,TAXAGDP,1,0.9722691411593553,1.04
3,M_BGVAGDPV,1,0.913290547721192,0.99
3,M_PBGAGDPV,1,0.9253138525932798,0.99
3,Z_DEBTAGDP,1,-0.4849970597683466,-0.03
3,M_GDP,2,-0.3017674764566713,-0.38
3,M_CP,2,-0.1660745562044208,-0.2
3,M_IFP,2,-1.408549655627256,-1.57
3,M_IHP,2,-0.117532844076662,-0.19
3,M_G,2,-0.0006874617318741,0.0
3,M_XGS,2,0.014879911155452,0.01
3,M_MGS,2,-0.2155604169321145,-0.27
3,M_FXS,2,0.063059744934546,0.0
3,M_GDPP,2,-0.0253084579638906,-0.03
3,M_PGDP,2,-0.0927036220945698,-0.12
3,M_CPIG,2,-0.0800492987782952,-0.1
3,M_LE,2,-0.0169463705899097,-0.02
3,M_GDPV,2,-0.3941913491702697,-0.5
3,M_NIV,2,-0.4383898571382549,-0.6
3,M_YDV,2,-0.2739672683609306,-0.33
3,M_W,2,-0.2461418916064106,-0.31
3,M_GAP,2,-0.2765290037194468,-0.35
3,M_RCO,2,-0.1032266797505726,-0.05
3,M_RGB,2,-0.1285636446337739,-0.05
3,M_UR,2,0.0164268977178494,0.02
3,M_BCVAGDPV,2,0.087639689096461,0.09
3,TAXAGDP,2,0.9478046437380848,1.06
3,M_BGVAGDPV,2,0.8669096300162914,0.98
3,M_PBGAGDPV,2,0.8769805889037149,0.99
3,Z_DEBTAGDP,2,-1.0511114299793007,0.05
3,M_GDP,3,-0.3443159932726258,-0.45
3,M_CP,3,-0.2058265010600801,-0.25
3,M_IFP,3,-1.7069333069589463,-2.05
3,M_IHP,3,-0.1566812521654692,-0.25
3,M_G,3,-0.0012226109990742,0.0
3,M_XGS,3,0.026421541615762,0.02
3,M_MGS,3,-0.3598285737585471,-0.49
3,M_FXS,3,0.0859117574347312,0.03
3,M_GDPP,3,-0.0550966793777529,-0.07
3,M_PGDP,3,-0.1660779800152778,-0.22
3,M_CPIG,3,-0.1408517508824425,-0.18
3,M_LE,3,-0.01721906684643,-0.02
3,M_GDPV,3,-0.5098221402414005,-0.67
3,M_NIV,3,-0.4955688163956639,-0.73
3,M_YDV,3,-0.4228217247561616,-0.51
3,M_W,3,-0.3850226824278158,-0.49
3,M_GAP,3,-0.2893787519780403,-0.38
3,M_RCO,3,-0.1526912520278906,-0.11
3,M_RGB,3,-0.1814969281824124,-0.1
3,M_UR,3,0.0166912347634147,0.02
3,M_BCVAGDPV,3,0.1475882240212689,0.15
3,TAXAGDP,3,0.9328019130254042,1.07
3,M_BGVAGDPV,3,0.8578859687057558,0.99
3,M_PBGAGDPV,3,0.8520791991393402,0.99
3,Z_DEBTAGDP,3,-1.6902651149183896,-0.08
3,M_GDP,4,-0.3528804035942912,-0.47
3,M_CP,4,-0.2231991139913902,-0.28
3,M_IFP,4,-1.883063779263072,-2.31
3,M_IHP,4,-0.1872881119855618,-0.28
3,M_G,4,-0.0017277501894286,0.0
3,M_XGS,4,0.0385644307263621,0.04
3,M_MGS,4,-0.4993611790697683,-0.71
3,M_FXS,4,0.1151074904100379,0.1
3,M_GDPP,4,-0.0967412968942982,-0.12
3,M_PGDP,4,-0.2361686572078913,-0.31
3,M_CPIG,4,-0.1977155047214296,-0.25
3,M_LE,4,-0.0143930544275083,-0.02
3,M_GDPV,4,-0.5882156678914563,-0.78
3,M_NIV,4,-0.4942642974367972,-0.75
3,M_YDV,4,-0.5498071838797802,-0.67
3,M_W,4,-0.4852942165822771,-0.63
3,M_GAP,4,-0.2563871389432695,-0.35
3,M_RCO,4,-0.196280928851952,-0.17
3,M_RGB,4,-0.2282808937384961,-0.17
3,M_UR,4,0.0139518507358378,0.02
3,M_BCVAGDPV,4,0.2085153413763087,0.23
3,TAXAGDP,4,0.9298400413517776,1.07
3,M_BGVAGDPV,4,0.8809738592580393,1.02
3,M_PBGAGDPV,4,0.8473491645450645,1.0
3,Z_DEBTAGDP,4,-2.4096222119473225,-0.3
3,M_GDP,5,-0.3520762043788705,-0.47
3,M_CP,5,-0.2327219253029477,-0.29
3,M_IFP,5,-2.0095652736359715,-2.47
3,M_IHP,5,-0.2237919162487722,-0.3
3,M_G,5,-0.0021495750763711,0.0
3,M_XGS,5,0.050054957337231,0.06
3,M_MGS,5,-0.6230346364460182,-0.9
3,M_FXS,5,0.1389606214399874,0.16
3,M_GDPP,5,-0.1498744298842447,-0.2
3,M_PGDP,5,-0.295006790041008,-0.39
3,M_CPIG,5,-0.2445899365502435,-0.32
3,M_LE,5,-0.0101403818044243,-0.01
3,M_GDPV,5,-0.6460443457108389,-0.86
3,M_NIV,5,-0.4651763385620899,-0.73
3,M_YDV,5,-0.6636319597506768,-0.82
3,M_W,5,-0.5600550707669516,-0.74
3,M_GAP,5,-0.2025052781257002,-0.28
3,M_RCO,5,-0.2232682744120111,-0.23
3,M_RGB,5,-0.259361812326158,-0.24
3,M_UR,5,0.0098295392423191,0.01
3,M_BCVAGDPV,5,0.2680719855801339,0.3
3,TAXAGDP,5,0.9401783490415028,1.07
3,M_BGVAGDPV,5,0.9272483469808638,1.05
3,M_PBGAGDPV,5,0.8581273935037257,1.0
3,Z_DEBTAGDP,5,-3.1970281464241737,-0.62
4,M_GDP,1,-0.5769316915878453,-0.64
4,M_CP,1,-1.0576155288307243,-1.13
4,M_IFP,1,0.0695578734723367,-0.11
4,M_IHP,1,-2.1124605138956865,-2.3
4,M_G,1,-0.000681768866606,0.0
4,M_XGS,1,0.0127697942986282,0.0
4,M_MGS,1,-0.2548549271318756,-0.27
4,M_FXS,1,0.0688488896473549,0.0
4,M_GDPP,1,0.0005682054776467,0.0
4,M_PGDP,1,-0.0909874041313374,-0.1
4,M_CPIG,1,-0.0812783613406642,-0.09
4,M_LE,1,-0.0360125467727345,-0.04
4,M_GDPV,1,-0.6673941605493949,-0.74
4,M_NIV,1,-0.7885006955875684,-0.92
4,M_YDV,1,-2.2756297462162567,-2.41
4,M_W,1,-0.2800415140493117,-0.31
4,M_GAP,1,-0.577496615698086,-0.64
4,M_RCO,1,-0.1425037745889819,-0.05
4,M_RGB,1,-0.1387336947284557,-0.05
4,M_UR,1,0.0349086206544622,0.04
4,M_BCVAGDPV,1,0.1035515071064479,0.09
4,TAXAGDP,1,0.8883338127585638,0.97
4,M_BGVAGDPV,1,0.7222339316192379,0.83
4,M_PBGAGDPV,1,0.7551893489772266,0.85
4,Z_DEBTAGDP,1,0.5193920824303291,0.75
4,M_GDP,2,-0.4693688931648343,-0.56
4,M_CP,2,-1.0055372005916552,-1.1
4,M_IFP,2,0.2117196982427183,-0.14
4,M_IHP,2,-2.114046183540119,-2.38
4,M_G,2,-0.0016543032351767,0.0
4,M_XGS,2,0.0248154944620493,0.01
4,M_MGS,2,-0.4779495479167117,-0.55
4,M_FXS,2,0.0582183196284669,-0.04
4,M_GDPP,2,0.0027982184605646,0.0
4,M_PGDP,2,-0.2228526098459804,-0.26
4,M_CPIG,2,-0.1904237675775744,-0.22
4,M_LE,2,-0.0286974703558762,-0.04
4,M_GDPV,2,-0.6911755021825838,-0.82
4,M_NIV,2,-0.7336064639848705,-0.94
4,M_YDV,2,-2.4451214430070256,-2.66
4,M_W,2,-0.4846355151808312,-0.56
4,M_GAP,2,-0.4721538997278121,-0.56
4,M_RCO,2,-0.21535598192584,-0.11
4,M_RGB,2,-0.1796000726229371,-0.07
4,M_UR,2,0.027817780076309,0.03
4,M_BCVAGDPV,2,0.1768185283625492,0.16
4,TAXAGDP,2,0.8540662760470177,0.95
4,M_BGVAGDPV,2,0.7270857023840586,0.84
4,M_PBGAGDPV,2,0.7449394843602497,0.86
4,Z_DEBTAGDP,2,-0.2052435129707532,0.24
4,M_GDP,3,-0.3324492268118817,-0.43
4,M_CP,3,-0.950699411228706,-1.05
4,M_IFP,3,0.5302065588997484,0.04
4,M_IHP,3,-2.081418593840101,-2.35
4,M_G,3,-0.0023861801641267,0.0
4,M_XGS,3,0.0452320008301976,0.04
4,M_MGS,3,-0.6650626887046096,-0.83
4,M_FXS,3,0.1354280997376111,0.12
4,M_GDPP,3,0.0090930648612319,-0.01
4,M_PGDP,3,-0.3259223043123538,-0.38
4,M_CPIG,3,-0.2716428553056538,-0.31
4,M_LE,3,-0.0193791391564168,-0.03
4,M_GDPV,3,-0.6572880049435459,-0.81
4,M_NIV,3,-0.6032590764061041,-0.83
4,M_YDV,3,-2.558025471800629,-2.81
4,M_W,3,-0.5645521764430339,-0.68
4,M_GAP,3,-0.3415112378347416,-0.42
4,M_RCO,3,-0.2503146590613828,-0.19
4,M_RGB,3,-0.2855156752957217,-0.21
4,M_UR,3,0.0187850923596313,0.02
4,M_BCVAGDPV,3,0.2482039575570978,0.24
4,TAXAGDP,3,0.846492517998044,0.98
4,M_BGVAGDPV,3,0.7898511637462068,0.92
4,M_PBGAGDPV,3,0.7697094908507961,0.92
4,Z_DEBTAGDP,3,-1.0809099661779271,-0.47
4,M_GDP,4,-0.2263781614261995,-0.32
4,M_CP,4,-0.9367554299948732,-1.04
4,M_IFP,4,0.8359513730104906,0.28
4,M_IHP,4,-2.0470053513806263,-2.29
4,M_G,4,-0.0029348765491099,0.0
4,M_XGS,4,0.0645794016125966,0.08
4,M_MGS,4,-0.8227711752191946,-1.06
4,M_FXS,4,0.172956408458158,0.22
4,M_GDPP,4,0.0214631850026236,0.0
4,M_PGDP,4,-0.4033092524867276,-0.47
4,M_CPIG,4,-0.3307948980745601,-0.39
4,M_LE,4,-0.0122226996172258,-0.02
4,M_GDPV,4,-0.628774409842281,-0.79
4,M_NIV,4,-0.483149426853724,-0.7
4,M_YDV,4,-2.6327013708604463,-2.91
4,M_W,4,-0.534265908661391,-0.67
4,M_GAP,4,-0.2477881631969464,-0.31
4,M_RCO,4,-0.2842586262123988,-0.28
4,M_RGB,4,-0.3274693566379756,-0.31
4,M_UR,4,0.0118480258287392,0.02
4,M_BCVAGDPV,4,0.3243154302458713,0.33
4,TAXAGDP,4,0.852757517732396,1.01
4,M_BGVAGDPV,4,0.882238225408801,1.03
4,M_PBGAGDPV,4,0.801005865156267,0.97
4,Z_DEBTAGDP,4,-2.003499063151821,-1.26
4,M_GDP,5,-0.202349632067178,-0.29
4,M_CP,5,-1.0471355156422613,-1.17
4,M_IFP,5,1.075224134896624,0.48
4,M_IHP,5,-2.08158705212087,-2.33
4,M_G,5,-0.0034230198714735,0.0
4,M_XGS,5,0.0766691686525211,0.1
4,M_MGS,5,-0.9834935131883382,-1.29
4,M_FXS,5,0.1901732293385638,0.27
4,M_GDPP,5,0.0411315897569597,0.0
4,M_PGDP,5,-0.4711705505448971,-0.55
4,M_CPIG,5,-0.3829351377926393,-0.45
4,M_LE,5,-0.0106691918553392,-0.01
4,M_GDPV,5,-0.6725667707366378,-0.84
4,M_NIV,5,-0.4697941472791234,-0.67
4,M_YDV,5,-2.7433377765280875,-3.07
4,M_W,5,-0.5259806291625813,-0.67
4,M_GAP,5,-0.2433811153022354,-0.29
4,M_RCO,5,-0.2983304569233105,-0.32
4,M_RGB,5,-0.3441322643266851,-0.36
4,M_UR,5,0.010342139188332,0.01
4,M_BCVAGDPV,5,0.4017784557738633,0.43
4,TAXAGDP,5,0.8609186033717755,1.03
4,M_BGVAGDPV,5,0.95512187028932,1.12
4,M_PBGAGDPV,5,0.8148728584136762,1.0
4,Z_DEBTAGDP,5,-2.8311031990565425,-1.97
5,M_GDP,1,-0.2412022689650905,-0.27
5,M_CP,1,-0.4060208643169694,-0.43
5,M_IFP,1,-0.1009809651541959,-0.15
5,M_IHP,1,-0.8140022276316716,-0.88
5,M_G,1,0.0070666871463398,0.0
5,M_XGS,1,0.0053235457392997,0.0
5,M_MGS,1,-0.1066730721100861,-0.11
5,M_FXS,1,0.0287153558500063,0.0
5,M_GDPP,1,-0.0008249042981911,0.0
5,M_PGDP,1,0.4656358982118691,0.44
5,M_CPIG,1,0.7000590310906052,0.74
5,M_LE,1,-0.0149296248920238,-0.02
5,M_GDPV,1,0.2233105048951689,0.18
5,M_NIV,1,-0.3513199408483158,-0.39
5,M_YDV,1,-0.1545738598327073,-0.16
5,M_W,1,-0.1177161544814953,-0.13
5,M_GAP,1,-0.2403793475664734,-0.26
5,M_RCO,1,-0.059395134372923,-0.02
5,M_RGB,1,-0.0578237766979528,-0.02
5,M_UR,1,0.0144719731990483,0.02
5,M_BCVAGDPV,1,0.0198716216204308,0.02
5,TAXAGDP,1,0.378888454013758,0.36
5,M_BGVAGDPV,1,0.3398826113392204,0.35
5,M_PBGAGDPV,1,0.3612676447037199,0.36
5,Z_DEBTAGDP,1,-0.7875049217137473,-0.55
5,M_GDP,2,-0.1479542236221154,-0.21
5,M_CP,2,-0.2977227974846563,-0.36
5,M_IFP,2,-0.0569884865757375,-0.18
5,M_IHP,2,-0.6179134484223803,-0.78
5,M_G,2,0.0067299330981818,0.0
5,M_XGS,2,0.0148911406733454,0.01
5,M_MGS,2,-0.1817843158196774,-0.22
5,M_FXS,2,0.0609259986332544,0.04
5,M_GDPP,2,-0.0020171629347864,0.0
5,M_PGDP,2,0.4185602294220825,0.38
5,M_CPIG,2,0.6622206949672194,0.69
5,M_LE,2,-0.0087623077448473,-0.01
5,M_GDPV,2,0.2699867282621282,0.17
5,M_NIV,2,-0.2494207397690684,-0.34
5,M_YDV,2,-0.0400879416777466,-0.15
5,M_W,2,-0.1800938860254231,-0.22
5,M_GAP,2,-0.1459400045350133,-0.2
5,M_RCO,2,-0.0768984669796422,-0.05
5,M_RGB,2,-0.1204388183678087,-0.08
5,M_UR,2,0.0084937085691243,0.01
5,M_BCVAGDPV,2,0.0499504325992727,0.05
5,TAXAGDP,2,0.376683709150857,0.35
5,M_BGVAGDPV,2,0.2854648343433144,0.3
5,M_PBGAGDPV,2,0.3448005884720928,0.36
5,Z_DEBTAGDP,2,-1.22304419231196,-0.79
5,M_GDP,3,-0.118897918994909,-0.17
5,M_CP,3,-0.2841006653574118,-0.33
5,M_IFP,3,-0.0209583216062791,-0.18
5,M_IHP,3,-0.6317650302234967,-0.75
5,M_G,3,0.0064882726321879,0.0
5,M_XGS,3,0.0197270484026734,0.02
5,M_MGS,3,-0.2463944809124596,-0.33
5,M_FXS,3,0.0531660549434764,0.04
5,M_GDPP,3,-0.0032382569146283,-0.01
5,M_PGDP,3,0.3843199199565106,0.33
5,M_CPIG,3,0.6348536282207107,0.65
5,M_LE,3,-0.006468149523986,-0.01
5,M_GDPV,3,0.2649650525744951,0.16
5,M_NIV,3,-0.2201916203466991,-0.3
5,M_YDV,3,-0.0954320101772099,-0.18
5,M_W,3,-0.2066353396322884,-0.27
5,M_GAP,3,-0.1156634075585744,-0.16
5,M_RCO,3,-0.0898897203713369,-0.07
5,M_RGB,3,-0.112821005559906,-0.09
5,M_UR,3,0.0062698753185159,0.01
5,M_BCVAGDPV,3,0.0783384762953796,0.07
5,TAXAGDP,3,0.3748362636803115,0.35
5,M_BGVAGDPV,3,0.3120935631279717,0.32
5,M_PBGAGDPV,3,0.350490792984351,0.37
5,Z_DEBTAGDP,3,-1.5766738218442526,-1.03
5,M_GDP,4,-0.0949201326256421,-0.14
5,M_CP,4,-0.2781596339375469,-0.32
5,M_IFP,4,0.017702113685325,-0.14
5,M_IHP,4,-0.6390765694235578,-0.75
5,M_G,4,0.0062982661859667,0.0
5,M_XGS,4,0.0239984750996402,0.03
5,M_MGS,4,-0.3037378416827718,-0.42
5,M_FXS,4,0.0651932599351035,0.09
5,M_GDPP,4,-0.0041682476263238,-0.01
5,M_PGDP,4,0.3569663090513764,0.29
5,M_CPIG,4,0.6136380940341635,0.63
5,M_LE,4,-0.0044600651492365,-0.01
5,M_GDPV,4,0.2617073435317696,0.15
5,M_NIV,4,-0.1946580807980602,-0.27
5,M_YDV,4,-0.1293566586663352,-0.23
5,M_W,4,-0.2006484108252215,-0.27
5,M_GAP,4,-0.0907556679203005,-0.13
5,M_RCO,4,-0.1045018173740686,-0.11
5,M_RGB,4,-0.1223335868094797,-0.12
5,M_UR,4,0.0043233466240981,0.01
5,M_BCVAGDPV,4,0.1032084764108596,0.1
5,TAXAGDP,4,0.3767397261276777,0.36
5,M_BGVAGDPV,4,0.3425086081193551,0.36
5,M_PBGAGDPV,4,0.3584783316768885,0.38
5,Z_DEBTAGDP,4,-1.9507419635975225,-1.28
5,M_GDP,5,-0.0970974007918901,-0.14
5,M_CP,5,-0.3181274404318812,-0.37
5,M_IFP,5,0.0469580694727689,-0.11
5,M_IHP,5,-0.6606922930463832,-0.77
5,M_G,5,0.0061194159547195,0.0
5,M_XGS,5,0.0282694031349395,0.04
5,M_MGS,5,-0.3635801634071622,-0.51
5,M_FXS,5,0.0713886506038763,0.1
5,M_GDPP,5,-0.0046020797622392,-0.02
5,M_PGDP,5,0.3316693998527631,0.26
5,M_CPIG,5,0.5938719204797938,0.6
5,M_LE,5,-0.0041172507331821,-0.01
5,M_GDPV,5,0.2342499566943878,0.12
5,M_NIV,5,-0.200250749342945,-0.26
5,M_YDV,5,-0.1788503783411887,-0.3
5,M_W,5,-0.2113617813512935,-0.29
5,M_GAP,5,-0.0924995779340092,-0.12
5,M_RCO,5,-0.1097908278537259,-0.13
5,M_RGB,5,-0.1287134963937107,-0.14
5,M_UR,5,0.0039910408149927,0.01
5,M_BCVAGDPV,5,0.1310214968298009,0.14
5,TAXAGDP,5,0.3796613238314599,0.36
5,M_BGVAGDPV,5,0.365834190085073,0.39
5,M_PBGAGDPV,5,0.3613424744987032,0.39
5,Z_DEBTAGDP,5,-2.291820410825295,-1.52
6,M_GDP,1,0.5466594180768558,0.54
6,M_CP,1,0.3196641431676639,0.33
6,M_IFP,1,1.6426290975029012,1.37
6,M_IHP,1,0.5907535023856436,0.6
6,M_G,1,-0.0007043247182814,0.0
6,M_XGS,1,0.0034511312402951,0.0
6,M_MGS,1,-0.2031984132815911,-0.2
6,M_FXS,1,0.0039237561574756,-0.03
6,M_GDPP,1,1.0185684793612593,1.02
6,M_PGDP,1,-0.0969790177134277,-0.09
6,M_CPIG,1,-0.0667078698664225,-0.07
6,M_LE,1,-0.0290929365719283,-0.03
6,M_GDPV,1,0.4491502554295534,0.45
6,M_NIV,1,0.6403650351359147,0.63
6,M_YDV,1,0.487441539743072,0.51
6,M_W,1,0.788567985130495,0.78
6,M_GAP,1,-0.467150810378788,-0.48
6,M_RCO,1,-0.043301338823062,-0.01
6,M_RGB,1,-0.0421557586031589,-0.01
6,M_UR,1,0.0282011236982953,0.03
6,M_BCVAGDPV,1,0.027524839182548,0.03
6,TAXAGDP,1,-0.0750875144258849,0.0
6,M_BGVAGDPV,1,0.1527567879734044,0.17
6,M_PBGAGDPV,1,0.0477442724695986,0.1
6,Z_DEBTAGDP,1,-0.9005984018231175,-0.86
6,M_GDP,2,1.3564711494663984,1.33
6,M_CP,2,0.7215669815505699,0.72
6,M_IFP,2,4.289675242498681,3.7
6,M_IHP,2,1.2603452702554474,1.26
6,M_G,2,-0.0020293320201369,0.0
6,M_XGS,2,0.0149225894307436,0.01
6,M_MGS,2,-0.5288934730815265,-0.57
6,M_FXS,2,0.0177032982046743,-0.01
6,M_GDPP,2,2.0816027046416608,2.08
6,M_PGDP,2,-0.2787452737090357,-0.26
6,M_CPIG,2,-0.2014867030879941,-0.21
6,M_LE,2,-0.0437916092008383,-0.05
6,M_GDPV,2,1.073944776539015,1.07
6,M_NIV,2,1.5151766808783274,1.47
6,M_YDV,2,0.946684338322612,0.97
6,M_W,2,1.5153883141290292,1.5
6,M_GAP,2,-0.7103449945563014,-0.74
6,M_RCO,2,-0.0740037442835798,-0.04
6,M_RGB,2,-0.1241656663279754,-0.09
6,M_UR,2,0.0424492242364649,0.05
6,M_BCVAGDPV,2,0.0817384429706802,0.06
6,TAXAGDP,2,-0.1475539943868717,0.03
6,M_BGVAGDPV,2,0.3750294679346078,0.43
6,M_PBGAGDPV,2,0.1549359187519199,0.28
6,Z_DEBTAGDP,2,-2.22885203743013,-2.07
6,M_GDP,3,2.3239147871678023,2.26
6,M_CP,3,1.1993241872956473,1.19
6,M_IFP,3,7.449033072340483,6.57
6,M_IHP,3,1.9660950987342884,1.96
6,M_G,3,-0.0037209770987978,0.0
6,M_XGS,3,0.0288646312831097,0.03
6,M_MGS,3,-0.94190648275998,-1.09
6,M_FXS,3,-0.0043672006480144,-0.02
6,M_GDPP,3,3.212585915629096,3.21
6,M_PGDP,3,-0.5110879129313073,-0.48
6,M_CPIG,3,-0.3756593436930022,-0.39
6,M_LE,3,-0.0519466658183809,-0.06
6,M_GDPV,3,1.8009496266524705,1.77
6,M_NIV,3,2.480714962104491,2.39
6,M_YDV,3,1.4116641155993426,1.42
6,M_W,3,2.288073284718384,2.24
6,M_GAP,3,-0.861010428696873,-0.92
6,M_RCO,3,-0.0727544233102238,-0.06
6,M_RGB,3,-0.1480607621185862,-0.13
6,M_UR,3,0.0503542963071774,0.06
6,M_BCVAGDPV,3,0.1518986059806222,0.1
6,TAXAGDP,3,-0.2209369201643518,0.08
6,M_BGVAGDPV,3,0.6514602505845215,0.75
6,M_PBGAGDPV,3,0.2936639238729552,0.5
6,Z_DEBTAGDP,3,-3.8734061936272326,-3.47
6,M_GDP,4,3.445597407424228,3.35
6,M_CP,4,1.7756587081853237,1.74
6,M_IFP,4,11.057269463063136,9.77
6,M_IHP,4,2.750536019109706,2.74
6,M_G,4,-0.0056454441783593,0.0
6,M_XGS,4,0.0433973801201803,0.05
6,M_MGS,4,-1.419119661845003,-1.71
6,M_FXS,4,-0.0398453737492809,-0.03
6,M_GDPP,4,4.436737561383652,4.43
6,M_PGDP,4,-0.7752293850647907,-0.73
6,M_CPIG,4,-0.5730780558668824,-0.61
6,M_LE,4,-0.055369960512841,-0.06
6,M_GDPV,4,2.643656738766076,2.6
6,M_NIV,4,3.5321760253039125,3.41
6,M_YDV,4,1.9567233525332293,1.95
6,M_W,4,3.1967002838852343,3.11
6,M_GAP,4,-0.9490340057557534,-1.04
6,M_RCO,4,-0.0349666504058447,-0.08
6,M_RGB,4,-0.1303326408944015,-0.17
6,M_UR,4,0.0536726535641851,0.06
6,M_BCVAGDPV,4,0.2262669170835982,0.15
6,TAXAGDP,4,-0.2952914495417431,0.12
6,M_BGVAGDPV,4,0.977541930241856,1.1
6,M_PBGAGDPV,4,0.4606148191581747,0.73
6,Z_DEBTAGDP,4,-5.874195663865805,-5.11
6,M_GDP,5,4.735066293085066,4.6
6,M_CP,5,2.459065967493878,2.4
6,M_IFP,5,15.167657292700287,13.42
6,M_IHP,5,3.647062880585228,3.61
6,M_G,5,-0.0077062343329603,0.0
6,M_XGS,5,0.0633506088753677,0.07
6,M_MGS,5,-1.9450136096544448,-2.41
6,M_FXS,5,-0.0498065813195336,-0.03
6,M_GDPP,5,5.7811242069141455,5.77
6,M_PGDP,5,-1.0574332049645307,-0.99
6,M_CPIG,5,-0.7815816477247273,-0.84
6,M_LE,5,-0.055062295217545,-0.07
6,M_GDPV,5,3.627562924860373,3.56
6,M_NIV,5,4.702188534380403,4.55
6,M_YDV,5,2.59517581844797,2.55
6,M_W,5,4.250601169999047,4.11
6,M_GAP,5,-0.9888890117890282,-1.11
6,M_RCO,5,-0.0124972035767179,-0.08
6,M_RGB,5,-0.1303389145110174,-0.2
6,M_UR,5,0.0533744194215892,0.06
6,M_BCVAGDPV,5,0.3065382196986768,0.19
6,TAXAGDP,5,-0.3588741517213485,0.15
6,M_BGVAGDPV,5,1.3598487994074735,1.49
6,M_PBGAGDPV,5,0.6678754862063458,0.98
6,Z_DEBTAGDP,5,-8.296684193943179,-7.03
7,M_GDP,1,-0.2633368637685596,-0.23
7,M_CP,1,-0.4182184336033234,-0.41
7,M_IFP,1,-0.2912943637813581,-0.28
7,M_IHP,1,-0.6839745472258074,-0.65
7,M_G,1,0.0042693816225458,0.0
7,M_XGS,1,0.0414482460422416,0.12
7,M_MGS,1,-0.1364498403437664,-0.17
7,M_FXS,1,1.7200322649879365,2.18
7,M_GDPP,1,-0.0023795873031029,0.0
7,M_PGDP,1,-0.0847447017038982,-0.09
7,M_CPIG,1,0.1584637444668857,0.17
7,M_LE,1,-0.0162120687895783,-0.01
7,M_GDPV,1,-0.3478584014327768,-0.32
7,M_NIV,1,-0.6705256259195269,-0.65
7,M_YDV,1,-0.1579657766515363,-0.08
7,M_W,1,9.559116620483366e-05,0.02
7,M_GAP,1,-0.2609634863194486,-0.23
7,M_RCO,1,-0.0009353126887838,0.0
7,M_RGB,1,-0.0009105680562893,0.0
7,M_UR,1,0.0157151051489625,0.01
7,M_BCVAGDPV,1,-0.5730300780839164,-0.59
7,TAXAGDP,1,-0.0658312118502983,-0.05
7,M_BGVAGDPV,1,-0.2777820797444665,-0.27
7,M_PBGAGDPV,1,-0.2420231408198825,-0.25
7,Z_DEBTAGDP,1,0.9066753947764424,0.71
7,M_GDP,2,-0.2874832141589678,-0.21
7,M_CP,2,-0.3523184780753863,-0.32
7,M_IFP,2,-0.3283013431930159,-0.41
7,M_IHP,2,-0.5477559686197231,-0.48
7,M_G,2,0.0033517227473023,0.0
7,M_XGS,2,-0.1817497942857238,-0.14
7,M_MGS,2,-0.1038428274880876,-0.12
7,M_FXS,2,0.1033579927985473,-0.04
7,M_GDPP,2,-0.0071580783063462,-0.01
7,M_PGDP,2,-0.1345860049843272,-0.21
7,M_CPIG,2,0.0699070392243816,0.09
7,M_LE,2,-0.0171025220284781,-0.01
7,M_GDPV,2,-0.421682306970339,-0.42
7,M_NIV,2,-0.6306518169600595,-0.64
7,M_YDV,2,-0.1542102191072647,-0.09
7,M_W,2,-0.0859968617760387,-0.03
7,M_GAP,2,-0.2803452031817876,-0.2
7,M_RCO,2,-0.09757521782265,-0.02
7,M_RGB,2,-0.0425223127641847,0.02
7,M_UR,2,0.0165782624961754,0.01
7,M_BCVAGDPV,2,-0.4980739106146714,-0.46
7,TAXAGDP,2,-0.080227637939295,-0.08
7,M_BGVAGDPV,2,-0.3010338827522902,-0.26
7,M_PBGAGDPV,2,-0.2570683795923263,-0.25
7,Z_DEBTAGDP,2,1.2868179042359031,0.98
7,M_GDP,3,-0.3041889455307034,-0.2
7,M_CP,3,-0.3558521879024834,-0.3
7,M_IFP,3,-0.2354532004706921,-0.43
7,M_IHP,3,-0.6139988676374553,-0.48
7,M_G,3,0.0029220770924931,0.0
7,M_XGS,3,-0.3084933812117163,-0.3
7,M_MGS,3,-0.1005547927580119,-0.08
7,M_FXS,3,0.0580341842663534,-0.01
7,M_GDPP,3,-0.0132904514423604,-0.02
7,M_PGDP,3,-0.1898911031988692,-0.29
7,M_CPIG,3,0.0072579464150734,0.05
7,M_LE,3,-0.0171633821041905,-0.01
7,M_GDPV,3,-0.4935024209850813,-0.49
7,M_NIV,3,-0.8747690515932383,-0.86
7,M_YDV,3,-0.3150806433948938,-0.19
7,M_W,3,-0.2059293513567595,-0.11
7,M_GAP,3,-0.2909371609504495,-0.18
7,M_RCO,3,-0.13453881645678,-0.05
7,M_RGB,3,-0.1090830187593123,-0.03
7,M_UR,3,0.0166372569756299,0.01
7,M_BCVAGDPV,3,-0.6503675669751536,-0.57
7,TAXAGDP,3,-0.1213372113429471,-0.1
7,M_BGVAGDPV,3,-0.3471825710539085,-0.29
7,M_PBGAGDPV,3,-0.2986021020222895,-0.26
7,Z_DEBTAGDP,3,1.696127485042524,1.19
7,M_GDP,4,-0.275240365666074,-0.17
7,M_CP,4,-0.3488495939201641,-0.29
7,M_IFP,4,-0.1161830877598246,-0.4
7,M_IHP,4,-0.6422130085271927,-0.48
7,M_G,4,0.0024744167422374,0.0
7,M_XGS,4,-0.3062852488098899,-0.29
7,M_MGS,4,-0.116518865879478,-0.06
7,M_FXS,4,0.0735954084206014,0.02
7,M_GDPP,4,-0.0196386334989973,-0.03
7,M_PGDP,4,-0.2509327364194957,-0.34
7,M_CPIG,4,-0.0499484491755519,0.01
7,M_LE,4,-0.0141387869292519,-0.01
7,M_GDPV,4,-0.5254824339042563,-0.51
7,M_NIV,4,-0.9433355294726996,-0.89
7,M_YDV,4,-0.4303046735604665,-0.27
7,M_W,4,-0.262229380904444,-0.14
7,M_GAP,4,-0.255651938714352,-0.14
7,M_RCO,4,-0.1710396889381189,-0.07
7,M_RGB,4,-0.1429845110892511,-0.06
7,M_UR,4,0.0137053775320845,0.01
7,M_BCVAGDPV,4,-0.6861957140531794,-0.57
7,TAXAGDP,4,-0.1392101933799061,-0.11
7,M_BGVAGDPV,4,-0.3411186758070008,-0.29
7,M_PBGAGDPV,4,-0.3079776070044033,-0.26
7,Z_DEBTAGDP,4,2.0156064539839065,1.31
7,M_GDP,5,-0.2538114653409473,-0.16
7,M_CP,5,-0.3783814476443381,-0.31
7,M_IFP,5,0.0290516465675683,-0.34
7,M_IHP,5,-0.6732353654724021,-0.47
7,M_G,5,0.0020622685402482,0.0
7,M_XGS,5,-0.2973869635820136,-0.27
7,M_MGS,5,-0.1563826846770477,-0.06
7,M_FXS,5,0.1048375161029513,0.07
7,M_GDPP,5,-0.0249866935999043,-0.04
7,M_PGDP,5,-0.3073256500592758,-0.38
7,M_CPIG,5,-0.1004712242145489,-0.01
7,M_LE,5,-0.0115356437054403,-0.01
7,M_GDPV,5,-0.5603570876644426,-0.54
7,M_NIV,5,-1.0146865208948808,-0.93
7,M_YDV,5,-0.5400364740703378,-0.33
7,M_W,5,-0.3016539766330761,-0.15
7,M_GAP,5,-0.2288819617755337,-0.12
7,M_RCO,5,-0.2088423157182911,-0.11
7,M_RGB,5,-0.1849899380010663,-0.1
7,M_UR,5,0.0111820308759194,0.01
7,M_BCVAGDPV,5,-0.7111615276856225,-0.57
7,TAXAGDP,5,-0.1490275343324825,-0.11
7,M_BGVAGDPV,5,-0.3225910574613428,-0.28
7,M_PBGAGDPV,5,-0.3112070488956844,-0.25
7,Z_DEBTAGDP,5,2.317568645641501,1.42
8,M_GDP,1,-0.2647216696874066,-0.26
8,M_CP,1,0.0188167642763525,0.06
8,M_IFP,1,-1.314113262365446,-1.14
8,M_IHP,1,-0.4258336550250208,-0.33
8,M_G,1,-0.0003777313177244,0.0
8,M_XGS,1,-0.0963379315521706,-0.14
8,M_MGS,1,-0.0379983544743112,-0.01
8,M_FXS,1,-0.7344729012475959,-1.03
8,M_GDPP,1,-0.0107357395072282,-0.01
8,M_PGDP,1,-0.0410822579381631,-0.04
8,M_CPIG,1,-0.0499208227459746,-0.05
8,M_LE,1,-0.0157789778393979,-0.02
8,M_GDPV,1,-0.30569517398642,-0.3
8,M_NIV,1,-0.5686732609522793,-0.55
8,M_YDV,1,-0.0311416404928821,0.07
8,M_W,1,-0.1436302172744152,-0.14
8,M_GAP,1,-0.2540132003756861,-0.25
8,M_RCO,1,1.0,1.0
8,M_RGB,1,0.973544,0.97
8,M_UR,1,0.0152952901387264,0.02
8,M_BCVAGDPV,1,-0.112070285669148,-0.11
8,TAXAGDP,1,-0.0690925512456708,-0.04
8,M_BGVAGDPV,1,-0.1808477091863607,-0.16
8,M_PBGAGDPV,1,-0.1289093261777514,-0.09
8,Z_DEBTAGDP,1,0.7461264328076425,0.73
8,M_GDP,2,-0.352333967379892,-0.35
8,M_CP,2,0.1515893048654293,0.2
8,M_IFP,2,-2.2210212400207707,-1.95
8,M_IHP,2,-0.4404092532698134,-0.32
8,M_G,2,-0.0008569419138404,0.0
8,M_XGS,2,-0.1355984535763466,-0.19
8,M_MGS,2,-0.1239727805612544,-0.09
8,M_FXS,2,-0.7111919555795931,-0.97
8,M_GDPP,2,-0.0383468894584737,-0.04
8,M_PGDP,2,-0.1094553245459484,-0.1
8,M_CPIG,2,-0.1126431972415464,-0.12
8,M_LE,2,-0.0192165780782294,-0.02
8,M_GDPV,2,-0.4614036436383473,-0.46
8,M_NIV,2,-0.9459210526840844,-0.92
8,M_YDV,2,0.1372995072372651,0.27
8,M_W,2,-0.3184609454908949,-0.32
8,M_GAP,2,-0.3141075283881088,-0.31
8,M_RCO,2,1.0,1.0
8,M_RGB,2,1.016724105956742,1.02
8,M_UR,2,0.0186275144248999,0.02
8,M_BCVAGDPV,2,-0.2570238123485469,-0.25
8,TAXAGDP,2,-0.1217117242796739,-0.1
8,M_BGVAGDPV,2,-0.4220345292775604,-0.4
8,M_PBGAGDPV,2,-0.2022411972432183,-0.16
8,Z_DEBTAGDP,2,1.4229033508740656,1.37
8,M_GDP,3,-0.3551325521805926,-0.36
8,M_CP,3,0.2989962069897656,0.33
8,M_IFP,3,-2.836412477085215,-2.5
8,M_IHP,3,-0.1835921888579839,-0.08
8,M_G,3,-0.0013624603340089,0.0
8,M_XGS,3,-0.1252039792574488,-0.18
8,M_MGS,3,-0.2117358599899588,-0.19
8,M_FXS,3,-0.704317708757729,-0.96
8,M_GDPP,3,-0.0858736875647081,-0.09
8,M_PGDP,3,-0.1800124493607779,-0.17
8,M_CPIG,3,-0.17358090162779,-0.18
8,M_LE,3,-0.0158008542868071,-0.02
8,M_GDPV,3,-0.5345057187357005,-0.54
8,M_NIV,3,-1.1042159338179092,-1.06
8,M_YDV,3,0.3425479006330389,0.45
8,M_W,3,-0.4577993490430643,-0.46
8,M_GAP,3,-0.2694902858619729,-0.28
8,M_RCO,3,1.0,1.0
8,M_RGB,3,1.0125592027464534,1.01
8,M_UR,3,0.0153164959900311,0.02
8,M_BCVAGDPV,3,-0.3331365731036033,-0.31
8,TAXAGDP,3,-0.1418226594710567,-0.12
8,M_BGVAGDPV,3,-0.5992422195222136,-0.56
8,M_PBGAGDPV,3,-0.2226553516841904,-0.19
8,Z_DEBTAGDP,3,2.097195926856557,2.0
8,M_GDP,4,-0.3410110272528355,-0.36
8,M_CP,4,0.4323275922282876,0.44
8,M_IFP,4,-3.301682939899997,-2.84
8,M_IHP,4,0.0883952408468502,0.15
8,M_G,4,-0.0017460978728123,0.0
8,M_XGS,4,-0.1170843292481738,-0.17
8,M_MGS,4,-0.2834797812526379,-0.28
8,M_FXS,4,-0.6975705475847027,-0.96
8,M_GDPP,4,-0.1547847832166438,-0.15
8,M_PGDP,4,-0.2342096568421992,-0.23
8,M_CPIG,4,-0.2194401013910329,-0.23
8,M_LE,4,-0.009809377867076,-0.01
8,M_GDPV,4,-0.5744220033383152,-0.58
8,M_NIV,4,-1.1846569580351796,-1.15
8,M_YDV,4,0.5691154918192165,0.62
8,M_W,4,-0.5406959612472506,-0.55
8,M_GAP,4,-0.1865149407829527,-0.2
8,M_RCO,4,1.0,1.0
8,M_RGB,4,1.0122800919765402,1.02
8,M_UR,4,0.0095086818748324,0.01
8,M_BCVAGDPV,4,-0.3943910352444248,-0.37
8,TAXAGDP,4,-0.1391500129286811,-0.13
8,M_BGVAGDPV,4,-0.7382837013875694,-0.68
8,M_PBGAGDPV,4,-0.2158566407350428,-0.19
8,Z_DEBTAGDP,4,2.829430448449756,2.66
8,M_GDP,5,-0.3359654335003625,-0.34
8,M_CP,5,0.5381009281471005,0.55
8,M_IFP,5,-3.701492884181479,-3.1
8,M_IHP,5,0.3395898241509876,0.39
8,M_G,5,-0.0019656733273865,0.0
8,M_XGS,5,-0.1103756362837549,-0.16
8,M_MGS,5,-0.3313751086623573,-0.33
8,M_FXS,5,-0.6883047384075414,-0.95
8,M_GDPP,5,-0.2458590914609981,-0.24
8,M_PGDP,5,-0.2658916083215668,-0.26
8,M_CPIG,5,-0.2455530353344781,-0.25
8,M_LE,5,-0.0029864277262925,0.0
8,M_GDPV,5,-0.6009637379273847,-0.6
8,M_NIV,5,-1.217521484194617,-1.18
8,M_YDV,5,0.7974669084280128,0.84
8,M_W,5,-0.5990705109198413,-0.61
8,M_GAP,5,-0.0903284226786888,-0.1
8,M_RCO,5,1.0,1.0
8,M_RGB,5,1.015462678438999,1.02
8,M_UR,5,0.0028948819766565,0.0
8,M_BCVAGDPV,5,-0.4381636357439129,-0.43
8,TAXAGDP,5,-0.1131649293503294,-0.12
8,M_BGVAGDPV,5,-0.8544388958173017,-0.81
8,M_PBGAGDPV,5,-0.1877394874111941,-0.18
8,Z_DEBTAGDP,5,3.63335757337066,3.38
