scenario,label,var,year,period,dev
ctax,消費税減税,M_GDP,2026,1,0.556171351823953
ctax,消費税減税,M_CPIG,2026,1,-1.453528995223785
ctax,消費税減税,M_PBGAGDPV,2026,1,-0.8236119411127851
ctax,消費税減税,Z_DEBTAGDP,2026,1,1.3814653232398655
ctax,消費税減税,M_CP,2026,1,0.8684828571687175
ctax,消費税減税,M_IFP,2026,1,0.41745010179206066
ctax,消費税減税,M_GDP,2027,2,0.37928582696751256
ctax,消費税減税,M_CPIG,2027,2,-1.3638104586265687
ctax,消費税減税,M_PBGAGDPV,2027,2,-0.811372386573471
ctax,消費税減税,Z_DEBTAGDP,2027,2,1.9920068170217178
ctax,消費税減税,M_CP,2027,2,0.6345254157406721
ctax,消費税減税,M_IFP,2027,2,0.46963530044732416
ctax,消費税減税,M_GDP,2028,3,0.3217872683098921
ctax,消費税減税,M_CPIG,2028,3,-1.2950539603988842
ctax,消費税減税,M_PBGAGDPV,2028,3,-0.8364677438420625
ctax,消費税減税,Z_DEBTAGDP,2028,3,2.4676611649137214
ctax,消費税減税,M_CP,2028,3,0.6003720268773272
ctax,消費税減税,M_IFP,2028,3,0.47428812186105507
ctax,消費税減税,M_GDP,2029,4,0.2707636740942876
ctax,消費税減税,M_CPIG,2029,4,-1.2406330865249227
ctax,消費税減税,M_PBGAGDPV,2029,4,-0.8549768100471109
ctax,消費税減税,Z_DEBTAGDP,2029,4,2.9956506065550457
ctax,消費税減税,M_CP,2029,4,0.5864663144433679
ctax,消費税減税,M_IFP,2029,4,0.4358315088294651
ctax,消費税減税,M_GDP,2030,5,0.2708146827302693
ctax,消費税減税,M_CPIG,2030,5,-1.1925727087892302
ctax,消費税減税,M_PBGAGDPV,2030,5,-0.860066613742569
ctax,消費税減税,Z_DEBTAGDP,2030,5,3.4669520653992834
ctax,消費税減税,M_CP,2030,5,0.6753309330084667
ctax,消費税減税,M_IFP,2030,5,0.37540242213034425
ctax,消費税減税,M_GDP,2031,6,0.21800446797193285
ctax,消費税減税,M_CPIG,2031,6,-1.1537463278296411
ctax,消費税減税,M_PBGAGDPV,2031,6,-0.8770011349561542
ctax,消費税減税,Z_DEBTAGDP,2031,6,4.093064219868182
ctax,消費税減税,M_CP,2031,6,0.8037662983739091
ctax,消費税減税,M_IFP,2031,6,-0.10796181491338208
ctax,消費税減税,M_GDP,2032,7,0.2552106418256983
ctax,消費税減税,M_CPIG,2032,7,-1.1141554313305435
ctax,消費税減税,M_PBGAGDPV,2032,7,-0.8662438901001894
ctax,消費税減税,Z_DEBTAGDP,2032,7,4.5687669543993366
ctax,消費税減税,M_CP,2032,7,0.9691205649981827
ctax,消費税減税,M_IFP,2032,7,-0.20607264216557786
ctax,消費税減税,M_GDP,2033,8,0.29427525509231334
ctax,消費税減税,M_CPIG,2033,8,-1.0655362303621296
ctax,消費税減税,M_PBGAGDPV,2033,8,-0.8548277931345618
ctax,消費税減税,Z_DEBTAGDP,2033,8,5.035835004352236
ctax,消費税減税,M_CP,2033,8,1.1129280754759607
ctax,消費税減税,M_IFP,2033,8,-0.212606316811359
ctax,消費税減税,M_GDP,2034,9,0.3244363986091958
ctax,消費税減税,M_CPIG,2034,9,-1.0084417165453052
ctax,消費税減税,M_PBGAGDPV,2034,9,-0.8469687901139076
ctax,消費税減税,Z_DEBTAGDP,2034,9,5.513203949685362
ctax,消費税減税,M_CP,2034,9,1.2299349124840653
ctax,消費税減税,M_IFP,2034,9,-0.16269972156361945
ctax,消費税減税,M_GDP,2035,10,0.33834076061689533
ctax,消費税減税,M_CPIG,2035,10,-0.9450333376925135
ctax,消費税減税,M_PBGAGDPV,2035,10,-0.8447711950871448
ctax,消費税減税,Z_DEBTAGDP,2035,10,6.020872104261059
ctax,消費税減税,M_CP,2035,10,1.3176333189767186
ctax,消費税減税,M_IFP,2035,10,-0.08820456421687606
itax,所得税減税,M_GDP,2026,1,0.6159053533480119
itax,所得税減税,M_CPIG,2026,1,0.0882123495261844
itax,所得税減税,M_PBGAGDPV,2026,1,-0.8011854135160337
itax,所得税減税,Z_DEBTAGDP,2026,1,-0.6990224898252677
itax,所得税減税,M_CP,2026,1,1.0474110426341499
itax,所得税減税,M_IFP,2026,1,0.15562260498018787
itax,所得税減税,M_GDP,2027,2,0.5364800897612154
itax,所得税減税,M_CPIG,2027,2,0.2088512539856202
itax,所得税減税,M_PBGAGDPV,2027,2,-0.8275297679040272
itax,所得税減税,Z_DEBTAGDP,2027,2,-0.19499560224411994
itax,所得税減税,M_CP,2027,2,0.9867790344072924
itax,所得税減税,M_IFP,2027,2,0.21061341494366115
itax,所得税減税,M_GDP,2028,3,0.40620851482062736
itax,所得税減税,M_CPIG,2028,3,0.30262108893717166
itax,所得税減税,M_PBGAGDPV,2028,3,-0.8712710701940338
itax,所得税減税,Z_DEBTAGDP,2028,3,0.48897296321712247
itax,所得税減税,M_CP,2028,3,0.9233729774064114
itax,所得税減税,M_IFP,2028,3,0.00011325781814619518
itax,所得税減税,M_GDP,2029,4,0.3003782033143887
itax,所得税減税,M_CPIG,2029,4,0.37261694594876715
itax,所得税減税,M_PBGAGDPV,2029,4,-0.9036638354484432
itax,所得税減税,Z_DEBTAGDP,2029,4,1.2277686565366253
itax,所得税減税,M_CP,2029,4,0.9059912572394024
itax,所得税減税,M_IFP,2029,4,-0.25068927234912497
itax,所得税減税,M_GDP,2030,5,0.2712074984218438
itax,所得税減税,M_CPIG,2030,5,0.4316332357697794
itax,所得税減税,M_PBGAGDPV,2030,5,-0.9120664680155697
itax,所得税減税,Z_DEBTAGDP,2030,5,1.885284835516984
itax,所得税減税,M_CP,2030,5,1.0168633529966664
itax,所得税減税,M_IFP,2030,5,-0.484023973162806
itax,所得税減税,M_GDP,2031,6,0.264053079365123
itax,所得税減税,M_CPIG,2031,6,0.4898981267529301
itax,所得税減税,M_PBGAGDPV,2031,6,-0.9113604634474144
itax,所得税減税,Z_DEBTAGDP,2031,6,2.5355253764279837
itax,所得税減税,M_CP,2031,6,1.2058304084217708
itax,所得税減税,M_IFP,2031,6,-0.828747895423243
itax,所得税減税,M_GDP,2032,7,0.29440369525146615
itax,所得税減税,M_CPIG,2032,7,0.5559271284500067
itax,所得税減税,M_PBGAGDPV,2032,7,-0.897566073330367
itax,所得税減税,Z_DEBTAGDP,2032,7,3.122560993802864
itax,所得税減税,M_CP,2032,7,1.4236242564517054
itax,所得税減税,M_IFP,2032,7,-1.0318818108355
itax,所得税減税,M_GDP,2033,8,0.3571585742651706
itax,所得税減税,M_CPIG,2033,8,0.6385059795484649
itax,所得税減税,M_PBGAGDPV,2033,8,-0.8745081888331909
itax,所得税減税,Z_DEBTAGDP,2033,8,3.629011542167092
itax,所得税減税,M_CP,2033,8,1.6122655753034287
itax,所得税減税,M_IFP,2033,8,-0.928608938307518
itax,所得税減税,M_GDP,2034,9,0.3977593973372828
itax,所得税減税,M_CPIG,2034,9,0.7372417046590529
itax,所得税減税,M_PBGAGDPV,2034,9,-0.8596742432752329
itax,所得税減税,Z_DEBTAGDP,2034,9,4.1582678973119584
itax,所得税減税,M_CP,2034,9,1.757652146695321
itax,所得税減税,M_IFP,2034,9,-0.7685949446534557
itax,所得税減税,M_GDP,2035,10,0.40313665127020837
itax,所得税減税,M_CPIG,2035,10,0.8451547095543743
itax,所得税減税,M_PBGAGDPV,2035,10,-0.8573336066057338
itax,所得税減税,Z_DEBTAGDP,2035,10,4.756192801987652
itax,所得税減税,M_CP,2035,10,1.8626055131069297
itax,所得税減税,M_IFP,2035,10,-0.6395514506069122
pubinv,公共投資,M_GDP,2026,1,1.1138575920888183
pubinv,公共投資,M_CPIG,2026,1,0.1595966281701111
pubinv,公共投資,M_PBGAGDPV,2026,1,-0.6860387914441839
pubinv,公共投資,Z_DEBTAGDP,2026,1,-1.9405036813740253
pubinv,公共投資,M_CP,2026,1,0.18433452406598771
pubinv,公共投資,M_IFP,2026,1,0.2726194301746476
pubinv,公共投資,M_GDP,2027,2,0.9895278401186536
pubinv,公共投資,M_CPIG,2027,2,0.3813133112436029
pubinv,公共投資,M_PBGAGDPV,2027,2,-0.7197098511056317
pubinv,公共投資,Z_DEBTAGDP,2027,2,-1.7521198340936053
pubinv,公共投資,M_CP,2027,2,0.09240880743566215
pubinv,公共投資,M_IFP,2027,2,0.4261815701746885
pubinv,公共投資,M_GDP,2028,3,0.7585134186146147
pubinv,公共投資,M_CPIG,2028,3,0.5558577852615265
pubinv,公共投資,M_PBGAGDPV,2028,3,-0.7893547740007478
pubinv,公共投資,Z_DEBTAGDP,2028,3,-1.2183819196962986
pubinv,公共投資,M_CP,2028,3,-0.022330260570591065
pubinv,公共投資,M_IFP,2028,3,0.08213870666524681
pubinv,公共投資,M_GDP,2029,4,0.5425187191913317
pubinv,公共投資,M_CPIG,2029,4,0.6838572698119272
pubinv,公共投資,M_PBGAGDPV,2029,4,-0.8484973459937746
pubinv,公共投資,Z_DEBTAGDP,2029,4,-0.5186896185309422
pubinv,公共投資,M_CP,2029,4,-0.10319845209522116
pubinv,公共投資,M_IFP,2029,4,-0.3557506277397038
pubinv,公共投資,M_GDP,2030,5,0.38851570961324633
pubinv,公共投資,M_CPIG,2030,5,0.7751537333497982
pubinv,公共投資,M_PBGAGDPV,2030,5,-0.8892496047275986
pubinv,公共投資,Z_DEBTAGDP,2030,5,0.2358664099730845
pubinv,公共投資,M_CP,2030,5,-0.10236190105651355
pubinv,公共投資,M_IFP,2030,5,-0.7929382939809715
pubinv,公共投資,M_GDP,2031,6,0.23404853484176869
pubinv,公共投資,M_CPIG,2031,6,0.8368277989398765
pubinv,公共投資,M_PBGAGDPV,2031,6,-0.9269405079167332
pubinv,公共投資,Z_DEBTAGDP,2031,6,1.1456129923563196
pubinv,公共投資,M_CP,2031,6,-0.057707638975212916
pubinv,公共投資,M_IFP,2031,6,-1.4473718550213843
pubinv,公共投資,M_GDP,2032,7,0.14072582690811686
pubinv,公共投資,M_CPIG,2032,7,0.8807532213559233
pubinv,公共投資,M_PBGAGDPV,2032,7,-0.9427318410090839
pubinv,公共投資,Z_DEBTAGDP,2032,7,2.0561316164937864
pubinv,公共投資,M_CP,2032,7,0.011826468521003441
pubinv,公共投資,M_IFP,2032,7,-1.8983960294544078
pubinv,公共投資,M_GDP,2033,8,0.1657191532734581
pubinv,公共投資,M_CPIG,2033,8,0.9312777943054407
pubinv,公共投資,M_PBGAGDPV,2033,8,-0.9227501934196534
pubinv,公共投資,Z_DEBTAGDP,2033,8,2.7770813573270345
pubinv,公共投資,M_CP,2033,8,0.0900565609162074
pubinv,公共投資,M_IFP,2033,8,-1.727647035025237
pubinv,公共投資,M_GDP,2034,9,0.20908474614631523
pubinv,公共投資,M_CPIG,2034,9,1.0006247252392075
pubinv,公共投資,M_PBGAGDPV,2034,9,-0.8995145540192233
pubinv,公共投資,Z_DEBTAGDP,2034,9,3.4470452876687716
pubinv,公共投資,M_CP,2034,9,0.14785630851053
pubinv,公共投資,M_IFP,2034,9,-1.35627638819793
pubinv,公共投資,M_GDP,2035,10,0.23440059629491472
pubinv,公共投資,M_CPIG,2035,10,1.0866061755535394
pubinv,公共投資,M_PBGAGDPV,2035,10,-0.8854541765264412
pubinv,公共投資,Z_DEBTAGDP,2035,10,4.129038937869666
pubinv,公共投資,M_CP,2035,10,0.1751458254404925
pubinv,公共投資,M_IFP,2035,10,-0.9388344239021573
