table,sex,status,age,fy,value
0002060062,M,15歳以上人口,15歳以上,2015,5345
0002060062,M,15歳以上人口,15歳以上,2016,5366
0002060062,M,15歳以上人口,15歳以上,2017,5364
0002060062,M,15歳以上人口,15歳以上,2018,5361
0002060062,M,15歳以上人口,15歳以上,2019,5359
0002060062,M,15歳以上人口,15歳以上,2020,5349
0002060062,M,15歳以上人口,15歳以上,2021,5347
0002060062,M,15歳以上人口,15歳以上,2022,5323
0002060062,M,15歳以上人口,15歳以上,2023,5320
0002060062,M,15歳以上人口,15歳以上,2024,5312
0002060062,M,15歳以上人口,15歳以上,2025,5301
0002060062,M,15歳以上人口,15～19歳,2015,306
0002060062,M,15歳以上人口,15～19歳,2016,311
0002060062,M,15歳以上人口,15～19歳,2017,308
0002060062,M,15歳以上人口,15～19歳,2018,304
0002060062,M,15歳以上人口,15～19歳,2019,299
0002060062,M,15歳以上人口,15～19歳,2020,292
0002060062,M,15歳以上人口,15～19歳,2021,288
0002060062,M,15歳以上人口,15～19歳,2022,283
0002060062,M,15歳以上人口,15～19歳,2023,282
0002060062,M,15歳以上人口,15～19歳,2024,281
0002060062,M,15歳以上人口,15～19歳,2025,281
0002060062,M,15歳以上人口,20～24歳,2015,321
0002060062,M,15歳以上人口,20～24歳,2016,316
0002060062,M,15歳以上人口,20～24歳,2017,320
0002060062,M,15歳以上人口,20～24歳,2018,326
0002060062,M,15歳以上人口,20～24歳,2019,329
0002060062,M,15歳以上人口,20～24歳,2020,331
0002060062,M,15歳以上人口,20～24歳,2021,321
0002060062,M,15歳以上人口,20～24歳,2022,318
0002060062,M,15歳以上人口,20～24歳,2023,321
0002060062,M,15歳以上人口,20～24歳,2024,322
0002060062,M,15歳以上人口,20～24歳,2025,321
0002060062,M,15歳以上人口,25～29歳,2015,334
0002060062,M,15歳以上人口,25～29歳,2016,326
0002060062,M,15歳以上人口,25～29歳,2017,322
0002060062,M,15歳以上人口,25～29歳,2018,319
0002060062,M,15歳以上人口,25～29歳,2019,321
0002060062,M,15歳以上人口,25～29歳,2020,325
0002060062,M,15歳以上人口,25～29歳,2021,328
0002060062,M,15歳以上人口,25～29歳,2022,327
0002060062,M,15歳以上人口,25～29歳,2023,333
0002060062,M,15歳以上人口,25～29歳,2024,335
0002060062,M,15歳以上人口,25～29歳,2025,338
0002060062,M,15歳以上人口,30～34歳,2015,371
0002060062,M,15歳以上人口,30～34歳,2016,368
0002060062,M,15歳以上人口,30～34歳,2017,361
0002060062,M,15歳以上人口,30～34歳,2018,353
0002060062,M,15歳以上人口,30～34歳,2019,344
0002060062,M,15歳以上人口,30～34歳,2020,336
0002060062,M,15歳以上人口,30～34歳,2021,336
0002060062,M,15歳以上人口,30～34歳,2022,329
0002060062,M,15歳以上人口,30～34歳,2023,327
0002060062,M,15歳以上人口,30～34歳,2024,329
0002060062,M,15歳以上人口,30～34歳,2025,331
0002060062,M,15歳以上人口,35～39歳,2015,422
0002060062,M,15歳以上人口,35～39歳,2016,411
0002060062,M,15歳以上人口,35～39歳,2017,399
0002060062,M,15歳以上人口,35～39歳,2018,390
0002060062,M,15歳以上人口,35～39歳,2019,382
0002060062,M,15歳以上人口,35～39歳,2020,375
0002060062,M,15歳以上人口,35～39歳,2021,374
0002060062,M,15歳以上人口,35～39歳,2022,366
0002060062,M,15歳以上人口,35～39歳,2023,359
0002060062,M,15歳以上人口,35～39歳,2024,351
0002060062,M,15歳以上人口,35～39歳,2025,344
0002060062,M,15歳以上人口,40～44歳,2015,495
0002060062,M,15歳以上人口,40～44歳,2016,491
0002060062,M,15歳以上人口,40～44歳,2017,477
0002060062,M,15歳以上人口,40～44歳,2018,460
0002060062,M,15歳以上人口,40～44歳,2019,441
0002060062,M,15歳以上人口,40～44歳,2020,424
0002060062,M,15歳以上人口,40～44歳,2021,414
0002060062,M,15歳以上人口,40～44歳,2022,402
0002060062,M,15歳以上人口,40～44歳,2023,393
0002060062,M,15歳以上人口,40～44歳,2024,386
0002060062,M,15歳以上人口,40～44歳,2025,380
0002060062,M,15歳以上人口,45～49歳,2015,440
0002060062,M,15歳以上人口,45～49歳,2016,467
0002060062,M,15歳以上人口,45～49歳,2017,478
0002060062,M,15歳以上人口,45～49歳,2018,488
0002060062,M,15歳以上人口,45～49歳,2019,495
0002060062,M,15歳以上人口,45～49歳,2020,495
0002060062,M,15歳以上人口,45～49歳,2021,491
0002060062,M,15歳以上人口,45～49歳,2022,478
0002060062,M,15歳以上人口,45～49歳,2023,461
0002060062,M,15歳以上人口,45～49歳,2024,443
0002060062,M,15歳以上人口,45～49歳,2025,427
0002060062,M,15歳以上人口,50～54歳,2015,399
0002060062,M,15歳以上人口,50～54歳,2016,398
0002060062,M,15歳以上人口,50～54歳,2017,409
0002060062,M,15歳以上人口,50～54歳,2018,420
0002060062,M,15歳以上人口,50～54歳,2019,431
0002060062,M,15歳以上人口,50～54歳,2020,438
0002060062,M,15歳以上人口,50～54歳,2021,464
0002060062,M,15歳以上人口,50～54歳,2022,476
0002060062,M,15歳以上人口,50～54歳,2023,487
0002060062,M,15歳以上人口,50～54歳,2024,494
0002060062,M,15歳以上人口,50～54歳,2025,494
0002060062,M,15歳以上人口,55～59歳,2015,375
0002060062,M,15歳以上人口,55～59歳,2016,376
0002060062,M,15歳以上人口,55～59歳,2017,379
0002060062,M,15歳以上人口,55～59歳,2018,381
0002060062,M,15歳以上人口,55～59歳,2019,385
0002060062,M,15歳以上人口,55～59歳,2020,394
0002060062,M,15歳以上人口,55～59歳,2021,392
0002060062,M,15歳以上人口,55～59歳,2022,403
0002060062,M,15歳以上人口,55～59歳,2023,414
0002060062,M,15歳以上人口,55～59歳,2024,425
0002060062,M,15歳以上人口,55～59歳,2025,433
0002060062,M,15歳以上人口,60～64歳,2015,415
0002060062,M,15歳以上人口,60～64歳,2016,401
0002060062,M,15歳以上人口,60～64歳,2017,384
0002060062,M,15歳以上人口,60～64歳,2018,375
0002060062,M,15歳以上人口,60～64歳,2019,371
0002060062,M,15歳以上人口,60～64歳,2020,366
0002060062,M,15歳以上人口,60～64歳,2021,365
0002060062,M,15歳以上人口,60～64歳,2022,368
0002060062,M,15歳以上人口,60～64歳,2023,371
0002060062,M,15歳以上人口,60～64歳,2024,375
0002060062,M,15歳以上人口,60～64歳,2025,385
0002060062,M,15歳以上人口,65～69歳,2015,472
0002060062,M,15歳以上人口,65～69歳,2016,495
0002060062,M,15歳以上人口,65～69歳,2017,478
0002060062,M,15歳以上人口,65～69歳,2018,451
0002060062,M,15歳以上人口,65～69歳,2019,420
0002060062,M,15歳以上人口,65～69歳,2020,398
0002060062,M,15歳以上人口,65～69歳,2021,381
0002060062,M,15歳以上人口,65～69歳,2022,366
0002060062,M,15歳以上人口,65～69歳,2023,357
0002060062,M,15歳以上人口,65～69歳,2024,353
0002060062,M,15歳以上人口,65～69歳,2025,349
0002060062,M,15歳以上人口,70歳以上,2015,994
0002060062,M,15歳以上人口,70歳以上,2016,1006
0002060062,M,15歳以上人口,70歳以上,2017,1048
0002060062,M,15歳以上人口,70歳以上,2018,1095
0002060062,M,15歳以上人口,70歳以上,2019,1140
0002060062,M,15歳以上人口,70歳以上,2020,1176
0002060062,M,15歳以上人口,70歳以上,2021,1191
0002060062,M,15歳以上人口,70歳以上,2022,1207
0002060062,M,15歳以上人口,70歳以上,2023,1214
0002060062,M,15歳以上人口,70歳以上,2024,1218
0002060062,M,15歳以上人口,70歳以上,2025,1219
0002060062,M,労働力人口,15歳以上,2015,3754
0002060062,M,労働力人口,15歳以上,2016,3783
0002060062,M,労働力人口,15歳以上,2017,3790
0002060062,M,労働力人口,15歳以上,2018,3821
0002060062,M,労働力人口,15歳以上,2019,3832
0002060062,M,労働力人口,15歳以上,2020,3819
0002060062,M,労働力人口,15歳以上,2021,3818
0002060062,M,労働力人口,15歳以上,2022,3803
0002060062,M,労働力人口,15歳以上,2023,3800
0002060062,M,労働力人口,15歳以上,2024,3801
0002060062,M,労働力人口,15歳以上,2025,3807
0002060062,M,労働力人口,15～19歳,2015,49
0002060062,M,労働力人口,15～19歳,2016,55
0002060062,M,労働力人口,15～19歳,2017,52
0002060062,M,労働力人口,15～19歳,2018,57
0002060062,M,労働力人口,15～19歳,2019,59
0002060062,M,労働力人口,15～19歳,2020,52
0002060062,M,労働力人口,15～19歳,2021,51
0002060062,M,労働力人口,15～19歳,2022,52
0002060062,M,労働力人口,15～19歳,2023,56
0002060062,M,労働力人口,15～19歳,2024,57
0002060062,M,労働力人口,15～19歳,2025,56
0002060062,M,労働力人口,20～24歳,2015,222
0002060062,M,労働力人口,20～24歳,2016,222
0002060062,M,労働力人口,20～24歳,2017,229
0002060062,M,労働力人口,20～24歳,2018,243
0002060062,M,労働力人口,20～24歳,2019,246
0002060062,M,労働力人口,20～24歳,2020,247
0002060062,M,労働力人口,20～24歳,2021,238
0002060062,M,労働力人口,20～24歳,2022,235
0002060062,M,労働力人口,20～24歳,2023,240
0002060062,M,労働力人口,20～24歳,2024,245
0002060062,M,労働力人口,20～24歳,2025,247
0002060062,M,労働力人口,25～29歳,2015,312
0002060062,M,労働力人口,25～29歳,2016,307
0002060062,M,労働力人口,25～29歳,2017,303
0002060062,M,労働力人口,25～29歳,2018,301
0002060062,M,労働力人口,25～29歳,2019,303
0002060062,M,労働力人口,25～29歳,2020,307
0002060062,M,労働力人口,25～29歳,2021,310
0002060062,M,労働力人口,25～29歳,2022,308
0002060062,M,労働力人口,25～29歳,2023,313
0002060062,M,労働力人口,25～29歳,2024,315
0002060062,M,労働力人口,25～29歳,2025,320
0002060062,M,労働力人口,30～34歳,2015,355
0002060062,M,労働力人口,30～34歳,2016,352
0002060062,M,労働力人口,30～34歳,2017,345
0002060062,M,労働力人口,30～34歳,2018,338
0002060062,M,労働力人口,30～34歳,2019,329
0002060062,M,労働力人口,30～34歳,2020,321
0002060062,M,労働力人口,30～34歳,2021,320
0002060062,M,労働力人口,30～34歳,2022,314
0002060062,M,労働力人口,30～34歳,2023,312
0002060062,M,労働力人口,30～34歳,2024,314
0002060062,M,労働力人口,30～34歳,2025,317
0002060062,M,労働力人口,35～39歳,2015,406
0002060062,M,労働力人口,35～39歳,2016,395
0002060062,M,労働力人口,35～39歳,2017,384
0002060062,M,労働力人口,35～39歳,2018,375
0002060062,M,労働力人口,35～39歳,2019,368
0002060062,M,労働力人口,35～39歳,2020,360
0002060062,M,労働力人口,35～39歳,2021,360
0002060062,M,労働力人口,35～39歳,2022,352
0002060062,M,労働力人口,35～39歳,2023,344
0002060062,M,労働力人口,35～39歳,2024,335
0002060062,M,労働力人口,35～39歳,2025,329
0002060062,M,労働力人口,40～44歳,2015,476
0002060062,M,労働力人口,40～44歳,2016,473
0002060062,M,労働力人口,40～44歳,2017,459
0002060062,M,労働力人口,40～44歳,2018,443
0002060062,M,労働力人口,40～44歳,2019,424
0002060062,M,労働力人口,40～44歳,2020,408
0002060062,M,労働力人口,40～44歳,2021,398
0002060062,M,労働力人口,40～44歳,2022,386
0002060062,M,労働力人口,40～44歳,2023,377
0002060062,M,労働力人口,40～44歳,2024,370
0002060062,M,労働力人口,40～44歳,2025,364
0002060062,M,労働力人口,45～49歳,2015,423
0002060062,M,労働力人口,45～49歳,2016,448
0002060062,M,労働力人口,45～49歳,2017,458
0002060062,M,労働力人口,45～49歳,2018,468
0002060062,M,労働力人口,45～49歳,2019,473
0002060062,M,労働力人口,45～49歳,2020,473
0002060062,M,労働力人口,45～49歳,2021,471
0002060062,M,労働力人口,45～49歳,2022,458
0002060062,M,労働力人口,45～49歳,2023,441
0002060062,M,労働力人口,45～49歳,2024,423
0002060062,M,労働力人口,45～49歳,2025,409
0002060062,M,労働力人口,50～54歳,2015,379
0002060062,M,労働力人口,50～54歳,2016,378
0002060062,M,労働力人口,50～54歳,2017,389
0002060062,M,労働力人口,50～54歳,2018,400
0002060062,M,労働力人口,50～54歳,2019,410
0002060062,M,労働力人口,50～54歳,2020,417
0002060062,M,労働力人口,50～54歳,2021,441
0002060062,M,労働力人口,50～54歳,2022,450
0002060062,M,労働力人口,50～54歳,2023,460
0002060062,M,労働力人口,50～54歳,2024,469
0002060062,M,労働力人口,50～54歳,2025,470
0002060062,M,労働力人口,55～59歳,2015,349
0002060062,M,労働力人口,55～59歳,2016,350
0002060062,M,労働力人口,55～59歳,2017,354
0002060062,M,労働力人口,55～59歳,2018,356
0002060062,M,労働力人口,55～59歳,2019,360
0002060062,M,労働力人口,55～59歳,2020,368
0002060062,M,労働力人口,55～59歳,2021,367
0002060062,M,労働力人口,55～59歳,2022,378
0002060062,M,労働力人口,55～59歳,2023,389
0002060062,M,労働力人口,55～59歳,2024,397
0002060062,M,労働力人口,55～59歳,2025,404
0002060062,M,労働力人口,60～64歳,2015,328
0002060062,M,労働力人口,60～64歳,2016,323
0002060062,M,労働力人口,60～64歳,2017,316
0002060062,M,労働力人口,60～64歳,2018,314
0002060062,M,労働力人口,60～64歳,2019,314
0002060062,M,労働力人口,60～64歳,2020,313
0002060062,M,労働力人口,60～64歳,2021,314
0002060062,M,労働力人口,60～64歳,2022,319
0002060062,M,労働力人口,60～64歳,2023,323
0002060062,M,労働力人口,60～64歳,2024,325
0002060062,M,労働力人口,60～64歳,2025,334
0002060062,M,労働力人口,65～69歳,2015,255
0002060062,M,労働力人口,65～69歳,2016,275
0002060062,M,労働力人口,65～69歳,2017,272
0002060062,M,労働力人口,65～69歳,2018,268
0002060062,M,労働力人口,65～69歳,2019,257
0002060062,M,労働力人口,65～69歳,2020,248
0002060062,M,労働力人口,65～69歳,2021,238
0002060062,M,労働力人口,65～69歳,2022,232
0002060062,M,労働力人口,65～69歳,2023,229
0002060062,M,労働力人口,65～69歳,2024,231
0002060062,M,労働力人口,65～69歳,2025,230
0002060062,M,労働力人口,70歳以上,2015,201
0002060062,M,労働力人口,70歳以上,2016,206
0002060062,M,労働力人口,70歳以上,2017,229
0002060062,M,労働力人口,70歳以上,2018,259
0002060062,M,労働力人口,70歳以上,2019,289
0002060062,M,労働力人口,70歳以上,2020,305
0002060062,M,労働力人口,70歳以上,2021,311
0002060062,M,労働力人口,70歳以上,2022,318
0002060062,M,労働力人口,70歳以上,2023,317
0002060062,M,労働力人口,70歳以上,2024,320
0002060062,M,労働力人口,70歳以上,2025,327
0002060062,M,就業者,15歳以上,2015,3622
0002060062,M,就業者,15歳以上,2016,3661
0002060062,M,就業者,15歳以上,2017,3682
0002060062,M,就業者,15歳以上,2018,3723
0002060062,M,就業者,15歳以上,2019,3736
0002060062,M,就業者,15歳以上,2020,3700
0002060062,M,就業者,15歳以上,2021,3704
0002060062,M,就業者,15歳以上,2022,3697
0002060062,M,就業者,15歳以上,2023,3697
0002060062,M,就業者,15歳以上,2024,3701
0002060062,M,就業者,15歳以上,2025,3702
0002060062,M,就業者,15～19歳,2015,46
0002060062,M,就業者,15～19歳,2016,52
0002060062,M,就業者,15～19歳,2017,50
0002060062,M,就業者,15～19歳,2018,55
0002060062,M,就業者,15～19歳,2019,57
0002060062,M,就業者,15～19歳,2020,49
0002060062,M,就業者,15～19歳,2021,49
0002060062,M,就業者,15～19歳,2022,50
0002060062,M,就業者,15～19歳,2023,53
0002060062,M,就業者,15～19歳,2024,55
0002060062,M,就業者,15～19歳,2025,54
0002060062,M,就業者,20～24歳,2015,208
0002060062,M,就業者,20～24歳,2016,210
0002060062,M,就業者,20～24歳,2017,217
0002060062,M,就業者,20～24歳,2018,233
0002060062,M,就業者,20～24歳,2019,235
0002060062,M,就業者,20～24歳,2020,234
0002060062,M,就業者,20～24歳,2021,226
0002060062,M,就業者,20～24歳,2022,223
0002060062,M,就業者,20～24歳,2023,229
0002060062,M,就業者,20～24歳,2024,235
0002060062,M,就業者,20～24歳,2025,236
0002060062,M,就業者,25～29歳,2015,295
0002060062,M,就業者,25～29歳,2016,291
0002060062,M,就業者,25～29歳,2017,290
0002060062,M,就業者,25～29歳,2018,289
0002060062,M,就業者,25～29歳,2019,292
0002060062,M,就業者,25～29歳,2020,292
0002060062,M,就業者,25～29歳,2021,297
0002060062,M,就業者,25～29歳,2022,295
0002060062,M,就業者,25～29歳,2023,300
0002060062,M,就業者,25～29歳,2024,303
0002060062,M,就業者,25～29歳,2025,306
0002060062,M,就業者,30～34歳,2015,341
0002060062,M,就業者,30～34歳,2016,339
0002060062,M,就業者,30～34歳,2017,333
0002060062,M,就業者,30～34歳,2018,328
0002060062,M,就業者,30～34歳,2019,318
0002060062,M,就業者,30～34歳,2020,309
0002060062,M,就業者,30～34歳,2021,309
0002060062,M,就業者,30～34歳,2022,303
0002060062,M,就業者,30～34歳,2023,302
0002060062,M,就業者,30～34歳,2024,304
0002060062,M,就業者,30～34歳,2025,308
0002060062,M,就業者,35～39歳,2015,393
0002060062,M,就業者,35～39歳,2016,382
0002060062,M,就業者,35～39歳,2017,374
0002060062,M,就業者,35～39歳,2018,366
0002060062,M,就業者,35～39歳,2019,359
0002060062,M,就業者,35～39歳,2020,349
0002060062,M,就業者,35～39歳,2021,350
0002060062,M,就業者,35～39歳,2022,343
0002060062,M,就業者,35～39歳,2023,335
0002060062,M,就業者,35～39歳,2024,326
0002060062,M,就業者,35～39歳,2025,321
0002060062,M,就業者,40～44歳,2015,463
0002060062,M,就業者,40～44歳,2016,460
0002060062,M,就業者,40～44歳,2017,448
0002060062,M,就業者,40～44歳,2018,432
0002060062,M,就業者,40～44歳,2019,416
0002060062,M,就業者,40～44歳,2020,398
0002060062,M,就業者,40～44歳,2021,389
0002060062,M,就業者,40～44歳,2022,378
0002060062,M,就業者,40～44歳,2023,369
0002060062,M,就業者,40～44歳,2024,361
0002060062,M,就業者,40～44歳,2025,355
0002060062,M,就業者,45～49歳,2015,410
0002060062,M,就業者,45～49歳,2016,437
0002060062,M,就業者,45～49歳,2017,447
0002060062,M,就業者,45～49歳,2018,458
0002060062,M,就業者,45～49歳,2019,464
0002060062,M,就業者,45～49歳,2020,462
0002060062,M,就業者,45～49歳,2021,459
0002060062,M,就業者,45～49歳,2022,449
0002060062,M,就業者,45～49歳,2023,433
0002060062,M,就業者,45～49歳,2024,416
0002060062,M,就業者,45～49歳,2025,400
0002060062,M,就業者,50～54歳,2015,368
0002060062,M,就業者,50～54歳,2016,369
0002060062,M,就業者,50～54歳,2017,379
0002060062,M,就業者,50～54歳,2018,392
0002060062,M,就業者,50～54歳,2019,401
0002060062,M,就業者,50～54歳,2020,406
0002060062,M,就業者,50～54歳,2021,430
0002060062,M,就業者,50～54歳,2022,440
0002060062,M,就業者,50～54歳,2023,450
0002060062,M,就業者,50～54歳,2024,459
0002060062,M,就業者,50～54歳,2025,459
0002060062,M,就業者,55～59歳,2015,338
0002060062,M,就業者,55～59歳,2016,341
0002060062,M,就業者,55～59歳,2017,345
0002060062,M,就業者,55～59歳,2018,349
0002060062,M,就業者,55～59歳,2019,353
0002060062,M,就業者,55～59歳,2020,359
0002060062,M,就業者,55～59歳,2021,357
0002060062,M,就業者,55～59歳,2022,369
0002060062,M,就業者,55～59歳,2023,379
0002060062,M,就業者,55～59歳,2024,388
0002060062,M,就業者,55～59歳,2025,393
0002060062,M,就業者,60～64歳,2015,314
0002060062,M,就業者,60～64歳,2016,311
0002060062,M,就業者,60～64歳,2017,306
0002060062,M,就業者,60～64歳,2018,305
0002060062,M,就業者,60～64歳,2019,305
0002060062,M,就業者,60～64歳,2020,302
0002060062,M,就業者,60～64歳,2021,303
0002060062,M,就業者,60～64歳,2022,309
0002060062,M,就業者,60～64歳,2023,313
0002060062,M,就業者,60～64歳,2024,315
0002060062,M,就業者,60～64歳,2025,323
0002060062,M,就業者,65～69歳,2015,246
0002060062,M,就業者,65～69歳,2016,266
0002060062,M,就業者,65～69歳,2017,265
0002060062,M,就業者,65～69歳,2018,261
0002060062,M,就業者,65～69歳,2019,250
0002060062,M,就業者,65～69歳,2020,239
0002060062,M,就業者,65～69歳,2021,230
0002060062,M,就業者,65～69歳,2022,225
0002060062,M,就業者,65～69歳,2023,221
0002060062,M,就業者,65～69歳,2024,223
0002060062,M,就業者,65～69歳,2025,222
0002060062,M,就業者,70歳以上,2015,199
0002060062,M,就業者,70歳以上,2016,203
0002060062,M,就業者,70歳以上,2017,226
0002060062,M,就業者,70歳以上,2018,255
0002060062,M,就業者,70歳以上,2019,285
0002060062,M,就業者,70歳以上,2020,300
0002060062,M,就業者,70歳以上,2021,306
0002060062,M,就業者,70歳以上,2022,314
0002060062,M,就業者,70歳以上,2023,312
0002060062,M,就業者,70歳以上,2024,315
0002060062,M,就業者,70歳以上,2025,322
0002060062,M,完全失業者,15歳以上,2015,132
0002060062,M,完全失業者,15歳以上,2016,122
0002060062,M,完全失業者,15歳以上,2017,108
0002060062,M,完全失業者,15歳以上,2018,99
0002060062,M,完全失業者,15歳以上,2019,96
0002060062,M,完全失業者,15歳以上,2020,119
0002060062,M,完全失業者,15歳以上,2021,115
0002060062,M,完全失業者,15歳以上,2022,106
0002060062,M,完全失業者,15歳以上,2023,103
0002060062,M,完全失業者,15歳以上,2024,100
0002060062,M,完全失業者,15歳以上,2025,105
0002060062,M,完全失業者,15～19歳,2015,3
0002060062,M,完全失業者,15～19歳,2016,3
0002060062,M,完全失業者,15～19歳,2017,2
0002060062,M,完全失業者,15～19歳,2018,2
0002060062,M,完全失業者,15～19歳,2019,2
0002060062,M,完全失業者,15～19歳,2020,3
0002060062,M,完全失業者,15～19歳,2021,2
0002060062,M,完全失業者,15～19歳,2022,2
0002060062,M,完全失業者,15～19歳,2023,2
0002060062,M,完全失業者,15～19歳,2024,2
0002060062,M,完全失業者,15～19歳,2025,2
0002060062,M,完全失業者,20～24歳,2015,13
0002060062,M,完全失業者,20～24歳,2016,12
0002060062,M,完全失業者,20～24歳,2017,11
0002060062,M,完全失業者,20～24歳,2018,10
0002060062,M,完全失業者,20～24歳,2019,11
0002060062,M,完全失業者,20～24歳,2020,13
0002060062,M,完全失業者,20～24歳,2021,12
0002060062,M,完全失業者,20～24歳,2022,12
0002060062,M,完全失業者,20～24歳,2023,10
0002060062,M,完全失業者,20～24歳,2024,11
0002060062,M,完全失業者,20～24歳,2025,10
0002060062,M,完全失業者,25～29歳,2015,16
0002060062,M,完全失業者,25～29歳,2016,15
0002060062,M,完全失業者,25～29歳,2017,13
0002060062,M,完全失業者,25～29歳,2018,12
0002060062,M,完全失業者,25～29歳,2019,11
0002060062,M,完全失業者,25～29歳,2020,14
0002060062,M,完全失業者,25～29歳,2021,14
0002060062,M,完全失業者,25～29歳,2022,13
0002060062,M,完全失業者,25～29歳,2023,12
0002060062,M,完全失業者,25～29歳,2024,12
0002060062,M,完全失業者,25～29歳,2025,13
0002060062,M,完全失業者,30～34歳,2015,14
0002060062,M,完全失業者,30～34歳,2016,13
0002060062,M,完全失業者,30～34歳,2017,11
0002060062,M,完全失業者,30～34歳,2018,10
0002060062,M,完全失業者,30～34歳,2019,11
0002060062,M,完全失業者,30～34歳,2020,12
0002060062,M,完全失業者,30～34歳,2021,12
0002060062,M,完全失業者,30～34歳,2022,11
0002060062,M,完全失業者,30～34歳,2023,10
0002060062,M,完全失業者,30～34歳,2024,10
0002060062,M,完全失業者,30～34歳,2025,9
0002060062,M,完全失業者,35～39歳,2015,14
0002060062,M,完全失業者,35～39歳,2016,12
0002060062,M,完全失業者,35～39歳,2017,10
0002060062,M,完全失業者,35～39歳,2018,9
0002060062,M,完全失業者,35～39歳,2019,9
0002060062,M,完全失業者,35～39歳,2020,11
0002060062,M,完全失業者,35～39歳,2021,10
0002060062,M,完全失業者,35～39歳,2022,9
0002060062,M,完全失業者,35～39歳,2023,9
0002060062,M,完全失業者,35～39歳,2024,9
0002060062,M,完全失業者,35～39歳,2025,8
0002060062,M,完全失業者,40～44歳,2015,13
0002060062,M,完全失業者,40～44歳,2016,12
0002060062,M,完全失業者,40～44歳,2017,11
0002060062,M,完全失業者,40～44歳,2018,10
0002060062,M,完全失業者,40～44歳,2019,8
0002060062,M,完全失業者,40～44歳,2020,10
0002060062,M,完全失業者,40～44歳,2021,9
0002060062,M,完全失業者,40～44歳,2022,8
0002060062,M,完全失業者,40～44歳,2023,8
0002060062,M,完全失業者,40～44歳,2024,9
0002060062,M,完全失業者,40～44歳,2025,9
0002060062,M,完全失業者,45～49歳,2015,12
0002060062,M,完全失業者,45～49歳,2016,11
0002060062,M,完全失業者,45～49歳,2017,10
0002060062,M,完全失業者,45～49歳,2018,10
0002060062,M,完全失業者,45～49歳,2019,9
0002060062,M,完全失業者,45～49歳,2020,11
0002060062,M,完全失業者,45～49歳,2021,11
0002060062,M,完全失業者,45～49歳,2022,9
0002060062,M,完全失業者,45～49歳,2023,8
0002060062,M,完全失業者,45～49歳,2024,8
0002060062,M,完全失業者,45～49歳,2025,8
0002060062,M,完全失業者,50～54歳,2015,11
0002060062,M,完全失業者,50～54歳,2016,9
0002060062,M,完全失業者,50～54歳,2017,10
0002060062,M,完全失業者,50～54歳,2018,8
0002060062,M,完全失業者,50～54歳,2019,9
0002060062,M,完全失業者,50～54歳,2020,11
0002060062,M,完全失業者,50～54歳,2021,11
0002060062,M,完全失業者,50～54歳,2022,10
0002060062,M,完全失業者,50～54歳,2023,10
0002060062,M,完全失業者,50～54歳,2024,10
0002060062,M,完全失業者,50～54歳,2025,11
0002060062,M,完全失業者,55～59歳,2015,11
0002060062,M,完全失業者,55～59歳,2016,10
0002060062,M,完全失業者,55～59歳,2017,9
0002060062,M,完全失業者,55～59歳,2018,8
0002060062,M,完全失業者,55～59歳,2019,7
0002060062,M,完全失業者,55～59歳,2020,10
0002060062,M,完全失業者,55～59歳,2021,10
0002060062,M,完全失業者,55～59歳,2022,9
0002060062,M,完全失業者,55～59歳,2023,10
0002060062,M,完全失業者,55～59歳,2024,9
0002060062,M,完全失業者,55～59歳,2025,10
0002060062,M,完全失業者,60～64歳,2015,14
0002060062,M,完全失業者,60～64歳,2016,12
0002060062,M,完全失業者,60～64歳,2017,10
0002060062,M,完全失業者,60～64歳,2018,9
0002060062,M,完全失業者,60～64歳,2019,9
0002060062,M,完全失業者,60～64歳,2020,11
0002060062,M,完全失業者,60～64歳,2021,11
0002060062,M,完全失業者,60～64歳,2022,10
0002060062,M,完全失業者,60～64歳,2023,10
0002060062,M,完全失業者,60～64歳,2024,9
0002060062,M,完全失業者,60～64歳,2025,10
0002060062,M,完全失業者,65～69歳,2015,9
0002060062,M,完全失業者,65～69歳,2016,9
0002060062,M,完全失業者,65～69歳,2017,8
0002060062,M,完全失業者,65～69歳,2018,8
0002060062,M,完全失業者,65～69歳,2019,8
0002060062,M,完全失業者,65～69歳,2020,9
0002060062,M,完全失業者,65～69歳,2021,9
0002060062,M,完全失業者,65～69歳,2022,7
0002060062,M,完全失業者,65～69歳,2023,7
0002060062,M,完全失業者,65～69歳,2024,7
0002060062,M,完全失業者,65～69歳,2025,8
0002060062,M,完全失業者,70歳以上,2015,3
0002060062,M,完全失業者,70歳以上,2016,3
0002060062,M,完全失業者,70歳以上,2017,3
0002060062,M,完全失業者,70歳以上,2018,3
0002060062,M,完全失業者,70歳以上,2019,3
0002060062,M,完全失業者,70歳以上,2020,4
0002060062,M,完全失業者,70歳以上,2021,5
0002060062,M,完全失業者,70歳以上,2022,4
0002060062,M,完全失業者,70歳以上,2023,5
0002060062,M,完全失業者,70歳以上,2024,4
0002060062,M,完全失業者,70歳以上,2025,5
0002060062,F,15歳以上人口,15歳以上,2015,5732
0002060062,F,15歳以上人口,15歳以上,2016,5745
0002060062,F,15歳以上人口,15歳以上,2017,5742
0002060062,F,15歳以上人口,15歳以上,2018,5738
0002060062,F,15歳以上人口,15歳以上,2019,5732
0002060062,F,15歳以上人口,15歳以上,2020,5723
0002060062,F,15歳以上人口,15歳以上,2021,5731
0002060062,F,15歳以上人口,15歳以上,2022,5705
0002060062,F,15歳以上人口,15歳以上,2023,5692
0002060062,F,15歳以上人口,15歳以上,2024,5679
0002060062,F,15歳以上人口,15歳以上,2025,5666
0002060062,F,15歳以上人口,15～19歳,2015,292
0002060062,F,15歳以上人口,15～19歳,2016,294
0002060062,F,15歳以上人口,15～19歳,2017,292
0002060062,F,15歳以上人口,15～19歳,2018,288
0002060062,F,15歳以上人口,15～19歳,2019,284
0002060062,F,15歳以上人口,15～19歳,2020,278
0002060062,F,15歳以上人口,15～19歳,2021,273
0002060062,F,15歳以上人口,15～19歳,2022,268
0002060062,F,15歳以上人口,15～19歳,2023,268
0002060062,F,15歳以上人口,15～19歳,2024,267
0002060062,F,15歳以上人口,15～19歳,2025,267
0002060062,F,15歳以上人口,20～24歳,2015,302
0002060062,F,15歳以上人口,20～24歳,2016,299
0002060062,F,15歳以上人口,20～24歳,2017,302
0002060062,F,15歳以上人口,20～24歳,2018,306
0002060062,F,15歳以上人口,20～24歳,2019,308
0002060062,F,15歳以上人口,20～24歳,2020,310
0002060062,F,15歳以上人口,20～24歳,2021,306
0002060062,F,15歳以上人口,20～24歳,2022,302
0002060062,F,15歳以上人口,20～24歳,2023,302
0002060062,F,15歳以上人口,20～24歳,2024,302
0002060062,F,15歳以上人口,20～24歳,2025,300
0002060062,F,15歳以上人口,25～29歳,2015,317
0002060062,F,15歳以上人口,25～29歳,2016,312
0002060062,F,15歳以上人口,25～29歳,2017,307
0002060062,F,15歳以上人口,25～29歳,2018,303
0002060062,F,15歳以上人口,25～29歳,2019,302
0002060062,F,15歳以上人口,25～29歳,2020,304
0002060062,F,15歳以上人口,25～29歳,2021,311
0002060062,F,15歳以上人口,25～29歳,2022,310
0002060062,F,15歳以上人口,25～29歳,2023,314
0002060062,F,15歳以上人口,25～29歳,2024,316
0002060062,F,15歳以上人口,25～29歳,2025,318
0002060062,F,15歳以上人口,30～34歳,2015,360
0002060062,F,15歳以上人口,30～34歳,2016,357
0002060062,F,15歳以上人口,30～34歳,2017,349
0002060062,F,15歳以上人口,30～34歳,2018,340
0002060062,F,15歳以上人口,30～34歳,2019,330
0002060062,F,15歳以上人口,30～34歳,2020,321
0002060062,F,15歳以上人口,30～34歳,2021,321
0002060062,F,15歳以上人口,30～34歳,2022,314
0002060062,F,15歳以上人口,30～34歳,2023,310
0002060062,F,15歳以上人口,30～34歳,2024,310
0002060062,F,15歳以上人口,30～34歳,2025,312
0002060062,F,15歳以上人口,35～39歳,2015,411
0002060062,F,15歳以上人口,35～39歳,2016,400
0002060062,F,15歳以上人口,35～39歳,2017,388
0002060062,F,15歳以上人口,35～39歳,2018,379
0002060062,F,15歳以上人口,35～39歳,2019,372
0002060062,F,15歳以上人口,35～39歳,2020,365
0002060062,F,15歳以上人口,35～39歳,2021,362
0002060062,F,15歳以上人口,35～39歳,2022,354
0002060062,F,15歳以上人口,35～39歳,2023,345
0002060062,F,15歳以上人口,35～39歳,2024,336
0002060062,F,15歳以上人口,35～39歳,2025,328
0002060062,F,15歳以上人口,40～44歳,2015,483
0002060062,F,15歳以上人口,40～44歳,2016,478
0002060062,F,15歳以上人口,40～44歳,2017,465
0002060062,F,15歳以上人口,40～44歳,2018,448
0002060062,F,15歳以上人口,40～44歳,2019,430
0002060062,F,15歳以上人口,40～44歳,2020,414
0002060062,F,15歳以上人口,40～44歳,2021,403
0002060062,F,15歳以上人口,40～44歳,2022,391
0002060062,F,15歳以上人口,40～44歳,2023,382
0002060062,F,15歳以上人口,40～44歳,2024,375
0002060062,F,15歳以上人口,40～44歳,2025,369
0002060062,F,15歳以上人口,45～49歳,2015,434
0002060062,F,15歳以上人口,45～49歳,2016,458
0002060062,F,15歳以上人口,45～49歳,2017,468
0002060062,F,15歳以上人口,45～49歳,2018,478
0002060062,F,15歳以上人口,45～49歳,2019,484
0002060062,F,15歳以上人口,45～49歳,2020,484
0002060062,F,15歳以上人口,45～49歳,2021,480
0002060062,F,15歳以上人口,45～49歳,2022,466
0002060062,F,15歳以上人口,45～49歳,2023,449
0002060062,F,15歳以上人口,45～49歳,2024,431
0002060062,F,15歳以上人口,45～49歳,2025,416
0002060062,F,15歳以上人口,50～54歳,2015,398
0002060062,F,15歳以上人口,50～54歳,2016,395
0002060062,F,15歳以上人口,50～54歳,2017,405
0002060062,F,15歳以上人口,50～54歳,2018,416
0002060062,F,15歳以上人口,50～54歳,2019,426
0002060062,F,15歳以上人口,50～54歳,2020,432
0002060062,F,15歳以上人口,50～54歳,2021,458
0002060062,F,15歳以上人口,50～54歳,2022,468
0002060062,F,15歳以上人口,50～54歳,2023,478
0002060062,F,15歳以上人口,50～54歳,2024,484
0002060062,F,15歳以上人口,50～54歳,2025,484
0002060062,F,15歳以上人口,55～59歳,2015,380
0002060062,F,15歳以上人口,55～59歳,2016,379
0002060062,F,15歳以上人口,55～59歳,2017,381
0002060062,F,15歳以上人口,55～59歳,2018,383
0002060062,F,15歳以上人口,55～59歳,2019,386
0002060062,F,15歳以上人口,55～59歳,2020,395
0002060062,F,15歳以上人口,55～59歳,2021,393
0002060062,F,15歳以上人口,55～59歳,2022,403
0002060062,F,15歳以上人口,55～59歳,2023,414
0002060062,F,15歳以上人口,55～59歳,2024,424
0002060062,F,15歳以上人口,55～59歳,2025,431
0002060062,F,15歳以上人口,60～64歳,2015,431
0002060062,F,15歳以上人口,60～64歳,2016,413
0002060062,F,15歳以上人口,60～64歳,2017,395
0002060062,F,15歳以上人口,60～64歳,2018,385
0002060062,F,15歳以上人口,60～64歳,2019,380
0002060062,F,15歳以上人口,60～64歳,2020,376
0002060062,F,15歳以上人口,60～64歳,2021,374
0002060062,F,15歳以上人口,60～64歳,2022,376
0002060062,F,15歳以上人口,60～64歳,2023,378
0002060062,F,15歳以上人口,60～64歳,2024,382
0002060062,F,15歳以上人口,60～64歳,2025,391
0002060062,F,15歳以上人口,65～69歳,2015,505
0002060062,F,15歳以上人口,65～69歳,2016,529
0002060062,F,15歳以上人口,65～69歳,2017,511
0002060062,F,15歳以上人口,65～69歳,2018,481
0002060062,F,15歳以上人口,65～69歳,2019,448
0002060062,F,15歳以上人口,65～69歳,2020,423
0002060062,F,15歳以上人口,65～69歳,2021,403
0002060062,F,15歳以上人口,65～69歳,2022,386
0002060062,F,15歳以上人口,65～69歳,2023,377
0002060062,F,15歳以上人口,65～69歳,2024,372
0002060062,F,15歳以上人口,65～69歳,2025,368
0002060062,F,15歳以上人口,70歳以上,2015,1420
0002060062,F,15歳以上人口,70歳以上,2016,1432
0002060062,F,15歳以上人口,70歳以上,2017,1479
0002060062,F,15歳以上人口,70歳以上,2018,1531
0002060062,F,15歳以上人口,70歳以上,2019,1581
0002060062,F,15歳以上人口,70歳以上,2020,1622
0002060062,F,15歳以上人口,70歳以上,2021,1646
0002060062,F,15歳以上人口,70歳以上,2022,1665
0002060062,F,15歳以上人口,70歳以上,2023,1674
0002060062,F,15歳以上人口,70歳以上,2024,1680
0002060062,F,15歳以上人口,70歳以上,2025,1683
0002060062,F,労働力人口,15歳以上,2015,2851
0002060062,F,労働力人口,15歳以上,2016,2899
0002060062,F,労働力人口,15歳以上,2017,2960
0002060062,F,労働力人口,15歳以上,2018,3026
0002060062,F,労働力人口,15歳以上,2019,3063
0002060062,F,労働力人口,15歳以上,2020,3044
0002060062,F,労働力人口,15歳以上,2021,3079
0002060062,F,労働力人口,15歳以上,2022,3104
0002060062,F,労働力人口,15歳以上,2023,3134
0002060062,F,労働力人口,15歳以上,2024,3167
0002060062,F,労働力人口,15歳以上,2025,3202
0002060062,F,労働力人口,15～19歳,2015,49
0002060062,F,労働力人口,15～19歳,2016,50
0002060062,F,労働力人口,15～19歳,2017,53
0002060062,F,労働力人口,15～19歳,2018,60
0002060062,F,労働力人口,15～19歳,2019,62
0002060062,F,労働力人口,15～19歳,2020,56
0002060062,F,労働力人口,15～19歳,2021,54
0002060062,F,労働力人口,15～19歳,2022,57
0002060062,F,労働力人口,15～19歳,2023,62
0002060062,F,労働力人口,15～19歳,2024,64
0002060062,F,労働力人口,15～19歳,2025,64
0002060062,F,労働力人口,20～24歳,2015,212
0002060062,F,労働力人口,20～24歳,2016,213
0002060062,F,労働力人口,20～24歳,2017,220
0002060062,F,労働力人口,20～24歳,2018,229
0002060062,F,労働力人口,20～24歳,2019,236
0002060062,F,労働力人口,20～24歳,2020,234
0002060062,F,労働力人口,20～24歳,2021,230
0002060062,F,労働力人口,20～24歳,2022,229
0002060062,F,労働力人口,20～24歳,2023,232
0002060062,F,労働力人口,20～24歳,2024,234
0002060062,F,労働力人口,20～24歳,2025,236
0002060062,F,労働力人口,25～29歳,2015,255
0002060062,F,労働力人口,25～29歳,2016,256
0002060062,F,労働力人口,25～29歳,2017,253
0002060062,F,労働力人口,25～29歳,2018,254
0002060062,F,労働力人口,25～29歳,2019,259
0002060062,F,労働力人口,25～29歳,2020,262
0002060062,F,労働力人口,25～29歳,2021,270
0002060062,F,労働力人口,25～29歳,2022,273
0002060062,F,労働力人口,25～29歳,2023,277
0002060062,F,労働力人口,25～29歳,2024,282
0002060062,F,労働力人口,25～29歳,2025,288
0002060062,F,労働力人口,30～34歳,2015,258
0002060062,F,労働力人口,30～34歳,2016,263
0002060062,F,労働力人口,30～34歳,2017,265
0002060062,F,労働力人口,30～34歳,2018,262
0002060062,F,労働力人口,30～34歳,2019,257
0002060062,F,労働力人口,30～34歳,2020,252
0002060062,F,労働力人口,30～34歳,2021,256
0002060062,F,労働力人口,30～34歳,2022,255
0002060062,F,労働力人口,30～34歳,2023,257
0002060062,F,労働力人口,30～34歳,2024,263
0002060062,F,労働力人口,30～34歳,2025,269
0002060062,F,労働力人口,35～39歳,2015,296
0002060062,F,労働力人口,35～39歳,2016,287
0002060062,F,労働力人口,35～39歳,2017,287
0002060062,F,労働力人口,35～39歳,2018,284
0002060062,F,労働力人口,35～39歳,2019,285
0002060062,F,労働力人口,35～39歳,2020,278
0002060062,F,労働力人口,35～39歳,2021,283
0002060062,F,労働力人口,35～39歳,2022,281
0002060062,F,労働力人口,35～39歳,2023,277
0002060062,F,労働力人口,35～39歳,2024,274
0002060062,F,労働力人口,35～39歳,2025,272
0002060062,F,労働力人口,40～44歳,2015,361
0002060062,F,労働力人口,40～44歳,2016,364
0002060062,F,労働力人口,40～44歳,2017,362
0002060062,F,労働力人口,40～44歳,2018,357
0002060062,F,労働力人口,40～44歳,2019,344
0002060062,F,労働力人口,40～44歳,2020,329
0002060062,F,労働力人口,40～44歳,2021,323
0002060062,F,労働力人口,40～44歳,2022,320
0002060062,F,労働力人口,40～44歳,2023,315
0002060062,F,労働力人口,40～44歳,2024,312
0002060062,F,労働力人口,40～44歳,2025,312
0002060062,F,労働力人口,45～49歳,2015,338
0002060062,F,労働力人口,45～49歳,2016,360
0002060062,F,労働力人口,45～49歳,2017,372
0002060062,F,労働力人口,45～49歳,2018,384
0002060062,F,労働力人口,45～49歳,2019,394
0002060062,F,労働力人口,45～49歳,2020,390
0002060062,F,労働力人口,45～49歳,2021,390
0002060062,F,労働力人口,45～49歳,2022,384
0002060062,F,労働力人口,45～49歳,2023,374
0002060062,F,労働力人口,45～49歳,2024,362
0002060062,F,労働力人口,45～49歳,2025,354
0002060062,F,労働力人口,50～54歳,2015,304
0002060062,F,労働力人口,50～54歳,2016,305
0002060062,F,労働力人口,50～54歳,2017,318
0002060062,F,労働力人口,50～54歳,2018,330
0002060062,F,労働力人口,50～54歳,2019,342
0002060062,F,労働力人口,50～54歳,2020,345
0002060062,F,労働力人口,50～54歳,2021,367
0002060062,F,労働力人口,50～54歳,2022,377
0002060062,F,労働力人口,50～54歳,2023,387
0002060062,F,労働力人口,50～54歳,2024,396
0002060062,F,労働力人口,50～54歳,2025,400
0002060062,F,労働力人口,55～59歳,2015,264
0002060062,F,労働力人口,55～59歳,2016,269
0002060062,F,労働力人口,55～59歳,2017,276
0002060062,F,労働力人口,55～59歳,2018,283
0002060062,F,労働力人口,55～59歳,2019,287
0002060062,F,労働力人口,55～59歳,2020,294
0002060062,F,労働力人口,55～59歳,2021,295
0002060062,F,労働力人口,55～59歳,2022,305
0002060062,F,労働力人口,55～59歳,2023,317
0002060062,F,労働力人口,55～59歳,2024,328
0002060062,F,労働力人口,55～59歳,2025,338
0002060062,F,労働力人口,60～64歳,2015,219
0002060062,F,労働力人口,60～64歳,2016,217
0002060062,F,労働力人口,60～64歳,2017,220
0002060062,F,労働力人口,60～64歳,2018,225
0002060062,F,労働力人口,60～64歳,2019,230
0002060062,F,労働力人口,60～64歳,2020,230
0002060062,F,労働力人口,60～64歳,2021,233
0002060062,F,労働力人口,60～64歳,2022,242
0002060062,F,労働力人口,60～64歳,2023,247
0002060062,F,労働力人口,60～64歳,2024,254
0002060062,F,労働力人口,60～64歳,2025,265
0002060062,F,労働力人口,65～69歳,2015,163
0002060062,F,労働力人口,65～69歳,2016,179
0002060062,F,労働力人口,65～69歳,2017,181
0002060062,F,労働力人口,65～69歳,2018,182
0002060062,F,労働力人口,65～69歳,2019,177
0002060062,F,労働力人口,65～69歳,2020,171
0002060062,F,労働力人口,65～69歳,2021,168
0002060062,F,労働力人口,65～69歳,2022,164
0002060062,F,労働力人口,65～69歳,2023,166
0002060062,F,労働力人口,65～69歳,2024,170
0002060062,F,労働力人口,65～69歳,2025,173
0002060062,F,労働力人口,70歳以上,2015,133
0002060062,F,労働力人口,70歳以上,2016,135
0002060062,F,労働力人口,70歳以上,2017,154
0002060062,F,労働力人口,70歳以上,2018,175
0002060062,F,労働力人口,70歳以上,2019,190
0002060062,F,労働力人口,70歳以上,2020,201
0002060062,F,労働力人口,70歳以上,2021,209
0002060062,F,労働力人口,70歳以上,2022,217
0002060062,F,労働力人口,70歳以上,2023,222
0002060062,F,労働力人口,70歳以上,2024,227
0002060062,F,労働力人口,70歳以上,2025,231
0002060062,F,就業者,15歳以上,2015,2765
0002060062,F,就業者,15歳以上,2016,2818
0002060062,F,就業者,15歳以上,2017,2884
0002060062,F,就業者,15歳以上,2018,2958
0002060062,F,就業者,15歳以上,2019,2998
0002060062,F,就業者,15歳以上,2020,2964
0002060062,F,就業者,15歳以上,2021,3002
0002060062,F,就業者,15歳以上,2022,3032
0002060062,F,就業者,15歳以上,2023,3059
0002060062,F,就業者,15歳以上,2024,3092
0002060062,F,就業者,15歳以上,2025,3128
0002060062,F,就業者,15～19歳,2015,47
0002060062,F,就業者,15～19歳,2016,48
0002060062,F,就業者,15～19歳,2017,51
0002060062,F,就業者,15～19歳,2018,59
0002060062,F,就業者,15～19歳,2019,61
0002060062,F,就業者,15～19歳,2020,54
0002060062,F,就業者,15～19歳,2021,52
0002060062,F,就業者,15～19歳,2022,56
0002060062,F,就業者,15～19歳,2023,60
0002060062,F,就業者,15～19歳,2024,62
0002060062,F,就業者,15～19歳,2025,63
0002060062,F,就業者,20～24歳,2015,201
0002060062,F,就業者,20～24歳,2016,204
0002060062,F,就業者,20～24歳,2017,210
0002060062,F,就業者,20～24歳,2018,221
0002060062,F,就業者,20～24歳,2019,227
0002060062,F,就業者,20～24歳,2020,223
0002060062,F,就業者,20～24歳,2021,221
0002060062,F,就業者,20～24歳,2022,219
0002060062,F,就業者,20～24歳,2023,223
0002060062,F,就業者,20～24歳,2024,224
0002060062,F,就業者,20～24歳,2025,227
0002060062,F,就業者,25～29歳,2015,244
0002060062,F,就業者,25～29歳,2016,244
0002060062,F,就業者,25～29歳,2017,243
0002060062,F,就業者,25～29歳,2018,245
0002060062,F,就業者,25～29歳,2019,250
0002060062,F,就業者,25～29歳,2020,251
0002060062,F,就業者,25～29歳,2021,260
0002060062,F,就業者,25～29歳,2022,263
0002060062,F,就業者,25～29歳,2023,266
0002060062,F,就業者,25～29歳,2024,271
0002060062,F,就業者,25～29歳,2025,277
0002060062,F,就業者,30～34歳,2015,247
0002060062,F,就業者,30～34歳,2016,253
0002060062,F,就業者,30～34歳,2017,257
0002060062,F,就業者,30～34歳,2018,254
0002060062,F,就業者,30～34歳,2019,250
0002060062,F,就業者,30～34歳,2020,243
0002060062,F,就業者,30～34歳,2021,248
0002060062,F,就業者,30～34歳,2022,247
0002060062,F,就業者,30～34歳,2023,249
0002060062,F,就業者,30～34歳,2024,256
0002060062,F,就業者,30～34歳,2025,262
0002060062,F,就業者,35～39歳,2015,285
0002060062,F,就業者,35～39歳,2016,279
0002060062,F,就業者,35～39歳,2017,279
0002060062,F,就業者,35～39歳,2018,278
0002060062,F,就業者,35～39歳,2019,279
0002060062,F,就業者,35～39歳,2020,272
0002060062,F,就業者,35～39歳,2021,276
0002060062,F,就業者,35～39歳,2022,274
0002060062,F,就業者,35～39歳,2023,270
0002060062,F,就業者,35～39歳,2024,268
0002060062,F,就業者,35～39歳,2025,266
0002060062,F,就業者,40～44歳,2015,351
0002060062,F,就業者,40～44歳,2016,354
0002060062,F,就業者,40～44歳,2017,353
0002060062,F,就業者,40～44歳,2018,350
0002060062,F,就業者,40～44歳,2019,337
0002060062,F,就業者,40～44歳,2020,321
0002060062,F,就業者,40～44歳,2021,316
0002060062,F,就業者,40～44歳,2022,313
0002060062,F,就業者,40～44歳,2023,309
0002060062,F,就業者,40～44歳,2024,306
0002060062,F,就業者,40～44歳,2025,305
0002060062,F,就業者,45～49歳,2015,329
0002060062,F,就業者,45～49歳,2016,351
0002060062,F,就業者,45～49歳,2017,363
0002060062,F,就業者,45～49歳,2018,376
0002060062,F,就業者,45～49歳,2019,386
0002060062,F,就業者,45～49歳,2020,381
0002060062,F,就業者,45～49歳,2021,382
0002060062,F,就業者,45～49歳,2022,377
0002060062,F,就業者,45～49歳,2023,367
0002060062,F,就業者,45～49歳,2024,356
0002060062,F,就業者,45～49歳,2025,347
0002060062,F,就業者,50～54歳,2015,296
0002060062,F,就業者,50～54歳,2016,298
0002060062,F,就業者,50～54歳,2017,311
0002060062,F,就業者,50～54歳,2018,324
0002060062,F,就業者,50～54歳,2019,336
0002060062,F,就業者,50～54歳,2020,337
0002060062,F,就業者,50～54歳,2021,359
0002060062,F,就業者,50～54歳,2022,370
0002060062,F,就業者,50～54歳,2023,379
0002060062,F,就業者,50～54歳,2024,387
0002060062,F,就業者,50～54歳,2025,392
0002060062,F,就業者,55～59歳,2015,258
0002060062,F,就業者,55～59歳,2016,263
0002060062,F,就業者,55～59歳,2017,270
0002060062,F,就業者,55～59歳,2018,278
0002060062,F,就業者,55～59歳,2019,282
0002060062,F,就業者,55～59歳,2020,288
0002060062,F,就業者,55～59歳,2021,288
0002060062,F,就業者,55～59歳,2022,299
0002060062,F,就業者,55～59歳,2023,310
0002060062,F,就業者,55～59歳,2024,321
0002060062,F,就業者,55～59歳,2025,330
0002060062,F,就業者,60～64歳,2015,215
0002060062,F,就業者,60～64歳,2016,213
0002060062,F,就業者,60～64歳,2017,216
0002060062,F,就業者,60～64歳,2018,220
0002060062,F,就業者,60～64歳,2019,226
0002060062,F,就業者,60～64歳,2020,225
0002060062,F,就業者,60～64歳,2021,228
0002060062,F,就業者,60～64歳,2022,237
0002060062,F,就業者,60～64歳,2023,242
0002060062,F,就業者,60～64歳,2024,248
0002060062,F,就業者,60～64歳,2025,259
0002060062,F,就業者,65～69歳,2015,160
0002060062,F,就業者,65～69歳,2016,176
0002060062,F,就業者,65～69歳,2017,178
0002060062,F,就業者,65～69歳,2018,180
0002060062,F,就業者,65～69歳,2019,175
0002060062,F,就業者,65～69歳,2020,169
0002060062,F,就業者,65～69歳,2021,165
0002060062,F,就業者,65～69歳,2022,161
0002060062,F,就業者,65～69歳,2023,164
0002060062,F,就業者,65～69歳,2024,168
0002060062,F,就業者,65～69歳,2025,170
0002060062,F,就業者,70歳以上,2015,132
0002060062,F,就業者,70歳以上,2016,135
0002060062,F,就業者,70歳以上,2017,153
0002060062,F,就業者,70歳以上,2018,174
0002060062,F,就業者,70歳以上,2019,189
0002060062,F,就業者,70歳以上,2020,200
0002060062,F,就業者,70歳以上,2021,207
0002060062,F,就業者,70歳以上,2022,216
0002060062,F,就業者,70歳以上,2023,220
0002060062,F,就業者,70歳以上,2024,226
0002060062,F,就業者,70歳以上,2025,229
0002060062,F,完全失業者,15歳以上,2015,86
0002060062,F,完全失業者,15歳以上,2016,81
0002060062,F,完全失業者,15歳以上,2017,76
0002060062,F,完全失業者,15歳以上,2018,67
0002060062,F,完全失業者,15歳以上,2019,66
0002060062,F,完全失業者,15歳以上,2020,79
0002060062,F,完全失業者,15歳以上,2021,77
0002060062,F,完全失業者,15歳以上,2022,72
0002060062,F,完全失業者,15歳以上,2023,75
0002060062,F,完全失業者,15歳以上,2024,75
0002060062,F,完全失業者,15歳以上,2025,74
0002060062,F,完全失業者,15～19歳,2015,2
0002060062,F,完全失業者,15～19歳,2016,2
0002060062,F,完全失業者,15～19歳,2017,2
0002060062,F,完全失業者,15～19歳,2018,2
0002060062,F,完全失業者,15～19歳,2019,2
0002060062,F,完全失業者,15～19歳,2020,2
0002060062,F,完全失業者,15～19歳,2021,2
0002060062,F,完全失業者,15～19歳,2022,1
0002060062,F,完全失業者,15～19歳,2023,1
0002060062,F,完全失業者,15～19歳,2024,2
0002060062,F,完全失業者,15～19歳,2025,2
0002060062,F,完全失業者,20～24歳,2015,11
0002060062,F,完全失業者,20～24歳,2016,10
0002060062,F,完全失業者,20～24歳,2017,10
0002060062,F,完全失業者,20～24歳,2018,8
0002060062,F,完全失業者,20～24歳,2019,9
0002060062,F,完全失業者,20～24歳,2020,11
0002060062,F,完全失業者,20～24歳,2021,9
0002060062,F,完全失業者,20～24歳,2022,10
0002060062,F,完全失業者,20～24歳,2023,9
0002060062,F,完全失業者,20～24歳,2024,9
0002060062,F,完全失業者,20～24歳,2025,9
0002060062,F,完全失業者,25～29歳,2015,11
0002060062,F,完全失業者,25～29歳,2016,11
0002060062,F,完全失業者,25～29歳,2017,10
0002060062,F,完全失業者,25～29歳,2018,9
0002060062,F,完全失業者,25～29歳,2019,9
0002060062,F,完全失業者,25～29歳,2020,11
0002060062,F,完全失業者,25～29歳,2021,10
0002060062,F,完全失業者,25～29歳,2022,9
0002060062,F,完全失業者,25～29歳,2023,11
0002060062,F,完全失業者,25～29歳,2024,11
0002060062,F,完全失業者,25～29歳,2025,11
0002060062,F,完全失業者,30～34歳,2015,10
0002060062,F,完全失業者,30～34歳,2016,10
0002060062,F,完全失業者,30～34歳,2017,8
0002060062,F,完全失業者,30～34歳,2018,8
0002060062,F,完全失業者,30～34歳,2019,7
0002060062,F,完全失業者,30～34歳,2020,9
0002060062,F,完全失業者,30～34歳,2021,8
0002060062,F,完全失業者,30～34歳,2022,7
0002060062,F,完全失業者,30～34歳,2023,8
0002060062,F,完全失業者,30～34歳,2024,7
0002060062,F,完全失業者,30～34歳,2025,7
0002060062,F,完全失業者,35～39歳,2015,10
0002060062,F,完全失業者,35～39歳,2016,9
0002060062,F,完全失業者,35～39歳,2017,8
0002060062,F,完全失業者,35～39歳,2018,7
0002060062,F,完全失業者,35～39歳,2019,6
0002060062,F,完全失業者,35～39歳,2020,6
0002060062,F,完全失業者,35～39歳,2021,7
0002060062,F,完全失業者,35～39歳,2022,7
0002060062,F,完全失業者,35～39歳,2023,8
0002060062,F,完全失業者,35～39歳,2024,6
0002060062,F,完全失業者,35～39歳,2025,6
0002060062,F,完全失業者,40～44歳,2015,10
0002060062,F,完全失業者,40～44歳,2016,10
0002060062,F,完全失業者,40～44歳,2017,9
0002060062,F,完全失業者,40～44歳,2018,7
0002060062,F,完全失業者,40～44歳,2019,7
0002060062,F,完全失業者,40～44歳,2020,7
0002060062,F,完全失業者,40～44歳,2021,8
0002060062,F,完全失業者,40～44歳,2022,7
0002060062,F,完全失業者,40～44歳,2023,6
0002060062,F,完全失業者,40～44歳,2024,7
0002060062,F,完全失業者,40～44歳,2025,6
0002060062,F,完全失業者,45～49歳,2015,9
0002060062,F,完全失業者,45～49歳,2016,9
0002060062,F,完全失業者,45～49歳,2017,8
0002060062,F,完全失業者,45～49歳,2018,8
0002060062,F,完全失業者,45～49歳,2019,8
0002060062,F,完全失業者,45～49歳,2020,9
0002060062,F,完全失業者,45～49歳,2021,8
0002060062,F,完全失業者,45～49歳,2022,7
0002060062,F,完全失業者,45～49歳,2023,7
0002060062,F,完全失業者,45～49歳,2024,7
0002060062,F,完全失業者,45～49歳,2025,6
0002060062,F,完全失業者,50～54歳,2015,8
0002060062,F,完全失業者,50～54歳,2016,7
0002060062,F,完全失業者,50～54歳,2017,7
0002060062,F,完全失業者,50～54歳,2018,6
0002060062,F,完全失業者,50～54歳,2019,6
0002060062,F,完全失業者,50～54歳,2020,8
0002060062,F,完全失業者,50～54歳,2021,9
0002060062,F,完全失業者,50～54歳,2022,7
0002060062,F,完全失業者,50～54歳,2023,8
0002060062,F,完全失業者,50～54歳,2024,9
0002060062,F,完全失業者,50～54歳,2025,8
0002060062,F,完全失業者,55～59歳,2015,6
0002060062,F,完全失業者,55～59歳,2016,6
0002060062,F,完全失業者,55～59歳,2017,6
0002060062,F,完全失業者,55～59歳,2018,5
0002060062,F,完全失業者,55～59歳,2019,5
0002060062,F,完全失業者,55～59歳,2020,6
0002060062,F,完全失業者,55～59歳,2021,7
0002060062,F,完全失業者,55～59歳,2022,7
0002060062,F,完全失業者,55～59歳,2023,7
0002060062,F,完全失業者,55～59歳,2024,7
0002060062,F,完全失業者,55～59歳,2025,8
0002060062,F,完全失業者,60～64歳,2015,5
0002060062,F,完全失業者,60～64歳,2016,5
0002060062,F,完全失業者,60～64歳,2017,5
0002060062,F,完全失業者,60～64歳,2018,5
0002060062,F,完全失業者,60～64歳,2019,4
0002060062,F,完全失業者,60～64歳,2020,5
0002060062,F,完全失業者,60～64歳,2021,6
0002060062,F,完全失業者,60～64歳,2022,5
0002060062,F,完全失業者,60～64歳,2023,5
0002060062,F,完全失業者,60～64歳,2024,6
0002060062,F,完全失業者,60～64歳,2025,6
0002060062,F,完全失業者,65～69歳,2015,2
0002060062,F,完全失業者,65～69歳,2016,3
0002060062,F,完全失業者,65～69歳,2017,3
0002060062,F,完全失業者,65～69歳,2018,2
0002060062,F,完全失業者,65～69歳,2019,2
0002060062,F,完全失業者,65～69歳,2020,3
0002060062,F,完全失業者,65～69歳,2021,3
0002060062,F,完全失業者,65～69歳,2022,2
0002060062,F,完全失業者,65～69歳,2023,3
0002060062,F,完全失業者,65～69歳,2024,3
0002060062,F,完全失業者,65～69歳,2025,3
0002060062,F,完全失業者,70歳以上,2015,1
0002060062,F,完全失業者,70歳以上,2016,1
0002060062,F,完全失業者,70歳以上,2017,1
0002060062,F,完全失業者,70歳以上,2018,1
0002060062,F,完全失業者,70歳以上,2019,1
0002060062,F,完全失業者,70歳以上,2020,1
0002060062,F,完全失業者,70歳以上,2021,1
0002060062,F,完全失業者,70歳以上,2022,1
0002060062,F,完全失業者,70歳以上,2023,1
0002060062,F,完全失業者,70歳以上,2024,2
0002060062,F,完全失業者,70歳以上,2025,2
0002060063,M,雇用者,15歳以上,2015,3173
0002060063,M,雇用者,15歳以上,2016,3216
0002060063,M,雇用者,15歳以上,2017,3237
0002060063,M,雇用者,15歳以上,2018,3270
0002060063,M,雇用者,15歳以上,2019,3291
0002060063,M,雇用者,15歳以上,2020,3263
0002060063,M,雇用者,15歳以上,2021,3274
0002060063,M,雇用者,15歳以上,2022,3275
0002060063,M,雇用者,15歳以上,2023,3287
0002060063,M,雇用者,15歳以上,2024,3296
0002060063,M,雇用者,15歳以上,2025,3307
0002060063,M,雇用者,15～19歳,2015,45
0002060063,M,雇用者,15～19歳,2016,51
0002060063,M,雇用者,15～19歳,2017,49
0002060063,M,雇用者,15～19歳,2018,54
0002060063,M,雇用者,15～19歳,2019,56
0002060063,M,雇用者,15～19歳,2020,48
0002060063,M,雇用者,15～19歳,2021,48
0002060063,M,雇用者,15～19歳,2022,49
0002060063,M,雇用者,15～19歳,2023,52
0002060063,M,雇用者,15～19歳,2024,54
0002060063,M,雇用者,15～19歳,2025,53
0002060063,M,雇用者,20～24歳,2015,202
0002060063,M,雇用者,20～24歳,2016,204
0002060063,M,雇用者,20～24歳,2017,212
0002060063,M,雇用者,20～24歳,2018,226
0002060063,M,雇用者,20～24歳,2019,228
0002060063,M,雇用者,20～24歳,2020,229
0002060063,M,雇用者,20～24歳,2021,219
0002060063,M,雇用者,20～24歳,2022,215
0002060063,M,雇用者,20～24歳,2023,223
0002060063,M,雇用者,20～24歳,2024,228
0002060063,M,雇用者,20～24歳,2025,231
0002060063,M,雇用者,25～29歳,2015,285
0002060063,M,雇用者,25～29歳,2016,280
0002060063,M,雇用者,25～29歳,2017,279
0002060063,M,雇用者,25～29歳,2018,278
0002060063,M,雇用者,25～29歳,2019,281
0002060063,M,雇用者,25～29歳,2020,280
0002060063,M,雇用者,25～29歳,2021,286
0002060063,M,雇用者,25～29歳,2022,283
0002060063,M,雇用者,25～29歳,2023,290
0002060063,M,雇用者,25～29歳,2024,291
0002060063,M,雇用者,25～29歳,2025,295
0002060063,M,雇用者,30～34歳,2015,321
0002060063,M,雇用者,30～34歳,2016,319
0002060063,M,雇用者,30～34歳,2017,315
0002060063,M,雇用者,30～34歳,2018,309
0002060063,M,雇用者,30～34歳,2019,300
0002060063,M,雇用者,30～34歳,2020,292
0002060063,M,雇用者,30～34歳,2021,292
0002060063,M,雇用者,30～34歳,2022,288
0002060063,M,雇用者,30～34歳,2023,287
0002060063,M,雇用者,30～34歳,2024,288
0002060063,M,雇用者,30～34歳,2025,291
0002060063,M,雇用者,35～39歳,2015,363
0002060063,M,雇用者,35～39歳,2016,354
0002060063,M,雇用者,35～39歳,2017,345
0002060063,M,雇用者,35～39歳,2018,336
0002060063,M,雇用者,35～39歳,2019,331
0002060063,M,雇用者,35～39歳,2020,323
0002060063,M,雇用者,35～39歳,2021,325
0002060063,M,雇用者,35～39歳,2022,319
0002060063,M,雇用者,35～39歳,2023,311
0002060063,M,雇用者,35～39歳,2024,303
0002060063,M,雇用者,35～39歳,2025,301
0002060063,M,雇用者,40～44歳,2015,421
0002060063,M,雇用者,40～44歳,2016,421
0002060063,M,雇用者,40～44歳,2017,411
0002060063,M,雇用者,40～44歳,2018,394
0002060063,M,雇用者,40～44歳,2019,380
0002060063,M,雇用者,40～44歳,2020,364
0002060063,M,雇用者,40～44歳,2021,356
0002060063,M,雇用者,40～44歳,2022,346
0002060063,M,雇用者,40～44歳,2023,339
0002060063,M,雇用者,40～44歳,2024,332
0002060063,M,雇用者,40～44歳,2025,326
0002060063,M,雇用者,45～49歳,2015,370
0002060063,M,雇用者,45～49歳,2016,394
0002060063,M,雇用者,45～49歳,2017,404
0002060063,M,雇用者,45～49歳,2018,414
0002060063,M,雇用者,45～49歳,2019,420
0002060063,M,雇用者,45～49歳,2020,419
0002060063,M,雇用者,45～49歳,2021,418
0002060063,M,雇用者,45～49歳,2022,409
0002060063,M,雇用者,45～49歳,2023,394
0002060063,M,雇用者,45～49歳,2024,379
0002060063,M,雇用者,45～49歳,2025,365
0002060063,M,雇用者,50～54歳,2015,330
0002060063,M,雇用者,50～54歳,2016,330
0002060063,M,雇用者,50～54歳,2017,340
0002060063,M,雇用者,50～54歳,2018,349
0002060063,M,雇用者,50～54歳,2019,360
0002060063,M,雇用者,50～54歳,2020,365
0002060063,M,雇用者,50～54歳,2021,388
0002060063,M,雇用者,50～54歳,2022,398
0002060063,M,雇用者,50～54歳,2023,405
0002060063,M,雇用者,50～54歳,2024,413
0002060063,M,雇用者,50～54歳,2025,416
0002060063,M,雇用者,55～59歳,2015,297
0002060063,M,雇用者,55～59歳,2016,300
0002060063,M,雇用者,55～59歳,2017,305
0002060063,M,雇用者,55～59歳,2018,308
0002060063,M,雇用者,55～59歳,2019,312
0002060063,M,雇用者,55～59歳,2020,318
0002060063,M,雇用者,55～59歳,2021,318
0002060063,M,雇用者,55～59歳,2022,330
0002060063,M,雇用者,55～59歳,2023,340
0002060063,M,雇用者,55～59歳,2024,348
0002060063,M,雇用者,55～59歳,2025,352
0002060063,M,雇用者,60～64歳,2015,257
0002060063,M,雇用者,60～64歳,2016,257
0002060063,M,雇用者,60～64歳,2017,256
0002060063,M,雇用者,60～64歳,2018,258
0002060063,M,雇用者,60～64歳,2019,261
0002060063,M,雇用者,60～64歳,2020,260
0002060063,M,雇用者,60～64歳,2021,260
0002060063,M,雇用者,60～64歳,2022,268
0002060063,M,雇用者,60～64歳,2023,274
0002060063,M,雇用者,60～64歳,2024,279
0002060063,M,雇用者,60～64歳,2025,286
0002060063,M,雇用者,65～69歳,2015,178
0002060063,M,雇用者,65～69歳,2016,194
0002060063,M,雇用者,65～69歳,2017,193
0002060063,M,雇用者,65～69歳,2018,193
0002060063,M,雇用者,65～69歳,2019,189
0002060063,M,雇用者,65～69歳,2020,184
0002060063,M,雇用者,65～69歳,2021,177
0002060063,M,雇用者,65～69歳,2022,175
0002060063,M,雇用者,65～69歳,2023,175
0002060063,M,雇用者,65～69歳,2024,181
0002060063,M,雇用者,65～69歳,2025,181
0002060063,M,雇用者,70歳以上,2015,104
0002060063,M,雇用者,70歳以上,2016,112
0002060063,M,雇用者,70歳以上,2017,128
0002060063,M,雇用者,70歳以上,2018,149
0002060063,M,雇用者,70歳以上,2019,174
0002060063,M,雇用者,70歳以上,2020,180
0002060063,M,雇用者,70歳以上,2021,187
0002060063,M,雇用者,70歳以上,2022,195
0002060063,M,雇用者,70歳以上,2023,197
0002060063,M,雇用者,70歳以上,2024,202
0002060063,M,雇用者,70歳以上,2025,211
0002060063,F,雇用者,15歳以上,2015,2489
0002060063,F,雇用者,15歳以上,2016,2548
0002060063,F,雇用者,15歳以上,2017,2611
0002060063,F,雇用者,15歳以上,2018,2686
0002060063,F,雇用者,15歳以上,2019,2729
0002060063,F,雇用者,15歳以上,2020,2699
0002060063,F,雇用者,15歳以上,2021,2739
0002060063,F,雇用者,15歳以上,2022,2772
0002060063,F,雇用者,15歳以上,2023,2802
0002060063,F,雇用者,15歳以上,2024,2844
0002060063,F,雇用者,15歳以上,2025,2882
0002060063,F,雇用者,15～19歳,2015,46
0002060063,F,雇用者,15～19歳,2016,47
0002060063,F,雇用者,15～19歳,2017,50
0002060063,F,雇用者,15～19歳,2018,58
0002060063,F,雇用者,15～19歳,2019,60
0002060063,F,雇用者,15～19歳,2020,53
0002060063,F,雇用者,15～19歳,2021,51
0002060063,F,雇用者,15～19歳,2022,55
0002060063,F,雇用者,15～19歳,2023,59
0002060063,F,雇用者,15～19歳,2024,61
0002060063,F,雇用者,15～19歳,2025,62
0002060063,F,雇用者,20～24歳,2015,198
0002060063,F,雇用者,20～24歳,2016,201
0002060063,F,雇用者,20～24歳,2017,207
0002060063,F,雇用者,20～24歳,2018,217
0002060063,F,雇用者,20～24歳,2019,224
0002060063,F,雇用者,20～24歳,2020,220
0002060063,F,雇用者,20～24歳,2021,218
0002060063,F,雇用者,20～24歳,2022,216
0002060063,F,雇用者,20～24歳,2023,219
0002060063,F,雇用者,20～24歳,2024,220
0002060063,F,雇用者,20～24歳,2025,224
0002060063,F,雇用者,25～29歳,2015,237
0002060063,F,雇用者,25～29歳,2016,237
0002060063,F,雇用者,25～29歳,2017,236
0002060063,F,雇用者,25～29歳,2018,238
0002060063,F,雇用者,25～29歳,2019,244
0002060063,F,雇用者,25～29歳,2020,245
0002060063,F,雇用者,25～29歳,2021,253
0002060063,F,雇用者,25～29歳,2022,257
0002060063,F,雇用者,25～29歳,2023,259
0002060063,F,雇用者,25～29歳,2024,264
0002060063,F,雇用者,25～29歳,2025,270
0002060063,F,雇用者,30～34歳,2015,236
0002060063,F,雇用者,30～34歳,2016,241
0002060063,F,雇用者,30～34歳,2017,245
0002060063,F,雇用者,30～34歳,2018,243
0002060063,F,雇用者,30～34歳,2019,239
0002060063,F,雇用者,30～34歳,2020,232
0002060063,F,雇用者,30～34歳,2021,237
0002060063,F,雇用者,30～34歳,2022,237
0002060063,F,雇用者,30～34歳,2023,238
0002060063,F,雇用者,30～34歳,2024,244
0002060063,F,雇用者,30～34歳,2025,249
0002060063,F,雇用者,35～39歳,2015,269
0002060063,F,雇用者,35～39歳,2016,262
0002060063,F,雇用者,35～39歳,2017,262
0002060063,F,雇用者,35～39歳,2018,263
0002060063,F,雇用者,35～39歳,2019,263
0002060063,F,雇用者,35～39歳,2020,256
0002060063,F,雇用者,35～39歳,2021,260
0002060063,F,雇用者,35～39歳,2022,256
0002060063,F,雇用者,35～39歳,2023,253
0002060063,F,雇用者,35～39歳,2024,252
0002060063,F,雇用者,35～39歳,2025,249
0002060063,F,雇用者,40～44歳,2015,328
0002060063,F,雇用者,40～44歳,2016,333
0002060063,F,雇用者,40～44歳,2017,332
0002060063,F,雇用者,40～44歳,2018,329
0002060063,F,雇用者,40～44歳,2019,315
0002060063,F,雇用者,40～44歳,2020,301
0002060063,F,雇用者,40～44歳,2021,295
0002060063,F,雇用者,40～44歳,2022,294
0002060063,F,雇用者,40～44歳,2023,290
0002060063,F,雇用者,40～44歳,2024,287
0002060063,F,雇用者,40～44歳,2025,287
0002060063,F,雇用者,45～49歳,2015,307
0002060063,F,雇用者,45～49歳,2016,328
0002060063,F,雇用者,45～49歳,2017,340
0002060063,F,雇用者,45～49歳,2018,352
0002060063,F,雇用者,45～49歳,2019,362
0002060063,F,雇用者,45～49歳,2020,358
0002060063,F,雇用者,45～49歳,2021,358
0002060063,F,雇用者,45～49歳,2022,353
0002060063,F,雇用者,45～49歳,2023,344
0002060063,F,雇用者,45～49歳,2024,334
0002060063,F,雇用者,45～49歳,2025,325
0002060063,F,雇用者,50～54歳,2015,272
0002060063,F,雇用者,50～54歳,2016,276
0002060063,F,雇用者,50～54歳,2017,287
0002060063,F,雇用者,50～54歳,2018,300
0002060063,F,雇用者,50～54歳,2019,311
0002060063,F,雇用者,50～54歳,2020,313
0002060063,F,雇用者,50～54歳,2021,334
0002060063,F,雇用者,50～54歳,2022,345
0002060063,F,雇用者,50～54歳,2023,355
0002060063,F,雇用者,50～54歳,2024,364
0002060063,F,雇用者,50～54歳,2025,368
0002060063,F,雇用者,55～59歳,2015,233
0002060063,F,雇用者,55～59歳,2016,238
0002060063,F,雇用者,55～59歳,2017,245
0002060063,F,雇用者,55～59歳,2018,253
0002060063,F,雇用者,55～59歳,2019,258
0002060063,F,雇用者,55～59歳,2020,263
0002060063,F,雇用者,55～59歳,2021,265
0002060063,F,雇用者,55～59歳,2022,275
0002060063,F,雇用者,55～59歳,2023,286
0002060063,F,雇用者,55～59歳,2024,298
0002060063,F,雇用者,55～59歳,2025,306
0002060063,F,雇用者,60～64歳,2015,179
0002060063,F,雇用者,60～64歳,2016,181
0002060063,F,雇用者,60～64歳,2017,184
0002060063,F,雇用者,60～64歳,2018,191
0002060063,F,雇用者,60～64歳,2019,198
0002060063,F,雇用者,60～64歳,2020,199
0002060063,F,雇用者,60～64歳,2021,202
0002060063,F,雇用者,60～64歳,2022,212
0002060063,F,雇用者,60～64歳,2023,218
0002060063,F,雇用者,60～64歳,2024,225
0002060063,F,雇用者,60～64歳,2025,236
0002060063,F,雇用者,65～69歳,2015,118
0002060063,F,雇用者,65～69歳,2016,132
0002060063,F,雇用者,65～69歳,2017,135
0002060063,F,雇用者,65～69歳,2018,140
0002060063,F,雇用者,65～69歳,2019,140
0002060063,F,雇用者,65～69歳,2020,135
0002060063,F,雇用者,65～69歳,2021,133
0002060063,F,雇用者,65～69歳,2022,133
0002060063,F,雇用者,65～69歳,2023,136
0002060063,F,雇用者,65～69歳,2024,143
0002060063,F,雇用者,65～69歳,2025,145
0002060063,F,雇用者,70歳以上,2015,67
0002060063,F,雇用者,70歳以上,2016,72
0002060063,F,雇用者,70歳以上,2017,86
0002060063,F,雇用者,70歳以上,2018,102
0002060063,F,雇用者,70歳以上,2019,117
0002060063,F,雇用者,70歳以上,2020,125
0002060063,F,雇用者,70歳以上,2021,132
0002060063,F,雇用者,70歳以上,2022,140
0002060063,F,雇用者,70歳以上,2023,145
0002060063,F,雇用者,70歳以上,2024,152
0002060063,F,雇用者,70歳以上,2025,160
